0,0,0,0,0,0,0,0,0
0.050042,0.1,0,0,0.100083,0,0,2,2
0.100083,0.2,0,0,0.200167,0,0,2,2
0.150125,0.3,0,0,0.30025,0,0,2,2
0.200167,0.4,0,0,0.400334,0,0,2,2
0.250209,0.5,0,0,0.500417,0,0,2,2
0.30025,0.6,0,0,0.6005,0,0,2,2
0.350292,0.7,0,0,0.700584,0,0,2,2
0.400334,0.8,0,0,0.800667,0,0,2,2
0.450375,0.9,0,0,0.900751,0,0,2,2
0.500417,1,0,0,1.000834,0,0,2,2
0.550459,1.1,0,0,1.100917,0,0,2,2
0.6005,1.2,0,0,1.201001,0,0,2,2
0.650542,1.3,0,0,1.301084,0,0,2,2
0.700584,1.4,0,0,1.401168,0,0,2,2
0.750626,1.5,0,0,1.501251,0,0,2,2
0.800667,1.6,0,0,1.601334,0,0,2,2
0.850709,1.7,0,0,1.701418,0,0,2,2
0.900751,1.8,0,0,1.801501,0,0,2,2
0.950792,1.9,0,0,1.901585,0,0,2,2
1.000834,2,0,0,2.001668,0,0,2,2
1.050876,2.1,0,0,2.101751,0,0,2,2
1.100917,2.2,0,0,2.201835,0,0,2,2
1.150959,2.3,0,0,2.301918,0,0,2,2
1.201001,2.4,0,0,2.402002,0,0,2,2
1.251043,2.5,0,0,2.502085,0,0,2,2
1.301084,2.6,0,0,2.602168,0,0,2,2
1.351126,2.7,0,0,2.702252,0,0,2,2
1.401168,2.8,0,0,2.802335,0,0,2,2
1.451209,2.9,0,0,2.902419,0,0,2,2
1.501251,3,0,0,3.002502,0,0,2,2
1.551293,3.1,0,0,3.102585,0,0,2,2
1.601334,3.2,0,0,3.202669,0,0,2,2
1.651376,3.3,0,0,3.302752,0,0,2,2
1.701418,3.4,0,0,3.402836,0,0,2,2
1.75146,3.5,0,0,3.502919,0,0,2,2
1.801501,3.6,0,0,3.603003,0,0,2,2
1.851543,3.7,0,0,3.703086,0,0,2,2
1.901585,3.8,0,0,3.803169,0,0,2,2
1.951626,3.9,0,0,3.903253,0,0,2,2
2.001668,4,0,0,4.003336,0,0,2,2
2.05171,4.1,0,0,4.10342,0,0,2,2
2.101751,4.2,0,0,4.203503,0,0,2,2
2.151793,4.3,0,0,4.303586,0,0,2,2
2.201835,4.4,0,0,4.40367,0,0,2,2
2.251877,4.5,0,0,4.503753,0,0,2,2
2.301918,4.6,0,0,4.603837,0,0,2,2
2.35196,4.7,0,0,4.70392,0,0,2,2
2.402002,4.8,0,0,4.804003,0,0,2,2
2.452043,4.9,0,0,4.904087,0,0,2,2
2.502085,5,0,0,5.00417,0,0,2,2
2.552127,5.1,0,0,5.104254,0,0,2,2
2.602168,5.2,0,0,5.204337,0,0,2,2
2.65221,5.3,0,0,5.30442,0,0,2,2
2.702252,5.4,0,0,5.404504,0,0,2,2
2.752294,5.5,0,0,5.504587,0,0,2,2
2.802335,5.6,0,0,5.604671,0,0,2,2
2.852377,5.7,0,0,5.704754,0,0,2,2
2.902419,5.8,0,0,5.804837,0,0,2,2
2.95246,5.9,0,0,5.904921,0,0,2,2
3.002502,6,0,0,6.005004,0,0,2,2
3.052544,6.1,0,0,6.105088,0,0,2,2
3.102585,6.2,0,0,6.205171,0,0,2,2
3.152627,6.3,0,0,6.305254,0,0,2,2
3.202669,6.4,0,0,6.405338,0,0,2,2
3.252711,6.5,0,0,6.505421,0,0,2,2
3.302752,6.6,0,0,6.605505,0,0,2,2
3.352794,6.7,0,0,6.705588,0,0,2,2
3.402836,6.8,0,0,6.805671,0,0,2,2
3.452877,6.9,0,0,6.905755,0,0,2,2
3.502919,7,0,0,7.005838,0,0,2,2
3.552961,7.1,0,0,7.105922,0,0,2,2
3.603003,7.2,0,0,7.206005,0,0,2,2
3.653044,7.3,0,0,7.306088,0,0,2,2
3.703086,7.4,0,0,7.406172,0,0,2,2
3.753128,7.5,0,0,7.506255,0,0,2,2
3.803169,7.6,0,0,7.606339,0,0,2,2
3.853211,7.7,0,0,7.706422,0,0,2,2
3.903253,7.8,0,0,7.806505,0,0,2,2
3.953294,7.9,0,0,7.906589,0,0,2,2
4.003336,8,0,0,8.006672,0,0,2,2
4.053378,8.1,0,0,8.106756,0,0,2,2
4.10342,8.2,0,0,8.206839,0,0,2,2
4.153461,8.3,0,0,8.306922,0,0,2,2
4.203503,8.4,0,0,8.407006,0,0,2,2
4.253545,8.5,0,0,8.507089,0,0,2,2
4.303586,8.6,0,0,8.607173,0,0,2,2
4.353628,8.7,0,0,8.707256,0,0,2,2
4.40367,8.8,0,0,8.807339,0,0,2,2
4.453711,8.9,0,0,8.907423,0,0,2,2
4.503753,9,0,0,9.007506,0,0,2,2
4.553795,9.1,0,0,9.10759,0,0,2,2
4.603837,9.2,0,0,9.207673,0,0,2,2
4.653878,9.3,0,0,9.307756,0,0,2,2
4.70392,9.4,0,0,9.40784,0,0,2,2
4.753962,9.5,0,0,9.507923,0,0,2,2
4.804003,9.6,0,0,9.608007,0,0,2,2
4.854045,9.7,0,0,9.70809,0,0,2,2
4.904087,9.8,0,0,9.808173,0,0,2,2
4.954128,9.9,0,0,9.908257,0,0,2,2
5.00417,10,0,0,10.00834,0,0,2,2
5.054212,10.1,0,0,10.108424,0,0,2,2
5.104254,10.2,0,0,10.208507,0,0,2,2
5.154295,10.3,0,0,10.30859,0,0,2,2
5.204337,10.4,0,0,10.408674,0,0,2,2
5.254379,10.5,0,0,10.508757,0,0,2,2
5.30442,10.6,0,0,10.608841,0,0,2,2
5.354462,10.7,0,0,10.708924,0,0,2,2
5.404504,10.8,0,0,10.809008,0,0,2,2
5.454545,10.9,0,0,10.909091,0,0,2,2
5.504587,11,0,0,11.009174,0,0,2,2
5.554629,11.1,0,0,11.109258,0,0,2,2
5.604671,11.2,0,0,11.209341,0,0,2,2
5.654712,11.3,0,0,11.309425,0,0,2,2
5.704754,11.4,0,0,11.409508,0,0,2,2
5.754796,11.5,0,0,11.509591,0,0,2,2
5.804837,11.6,0,0,11.609675,0,0,2,2
5.854879,11.7,0,0,11.709758,0,0,2,2
5.904921,11.8,0,0,11.809842,0,0,2,2
5.954962,11.9,0,0,11.909925,0,0,2,2
6.005004,12,0,0,12.010008,0,0,2,2
6.055046,12.1,0,0,12.110092,0,0,2,2
6.105088,12.2,0,0,12.210175,0,0,2,2
6.155129,12.3,0,0,12.310259,0,0,2,2
6.205171,12.4,0,0,12.410342,0,0,2,2
6.255213,12.5,0,0,12.510425,0,0,2,2
6.305254,12.6,0,0,12.610509,0,0,2,2
6.355296,12.7,0,0,12.710592,0,0,2,2
6.405338,12.8,0,0,12.810676,0,0,2,2
6.455379,12.9,0,0,12.910759,0,0,2,2
6.505421,13,0,0,13.010842,0,0,2,2
6.555463,13.1,0,0,13.110926,0,0,2,2
6.605505,13.2,0,0,13.211009,0,0,2,2
6.655546,13.3,0,0,13.311093,0,0,2,2
6.705588,13.4,0,0,13.411176,0,0,2,2
6.75563,13.5,0,0,13.511259,0,0,2,2
6.805671,13.6,0,0,13.611343,0,0,2,2
6.855713,13.7,0,0,13.711426,0,0,2,2
6.905755,13.8,0,0,13.81151,0,0,2,2
6.955796,13.9,0,0,13.911593,0,0,2,2
7.005838,14,0,0,14.011676,0,0,2,2
7.05588,14.1,0,0,14.11176,0,0,2,2
7.105922,14.2,0,0,14.211843,0,0,2,2
7.155963,14.3,0,0,14.311927,0,0,2,2
7.206005,14.4,0,0,14.41201,0,0,2,2
7.256047,14.5,0,0,14.512093,0,0,2,2
7.306088,14.6,0,0,14.612177,0,0,2,2
7.35613,14.7,0,0,14.71226,0,0,2,2
7.406172,14.8,0,0,14.812344,0,0,2,2
7.456214,14.9,0,0,14.912427,0,0,2,2
7.506255,15,0,0,15.01251,0,0,2,2
7.556297,15.1,0,0,15.112594,0,0,2,2
7.606339,15.2,0,0,15.212677,0,0,2,2
7.65638,15.3,0,0,15.312761,0,0,2,2
7.706422,15.4,0,0,15.412844,0,0,2,2
7.756464,15.5,0,0,15.512927,0,0,2,2
7.806505,15.6,0,0,15.613011,0,0,2,2
7.856547,15.7,0,0,15.713094,0,0,2,2
7.906589,15.8,0,0,15.813178,0,0,2,2
7.956631,15.9,0,0,15.913261,0,0,2,2
8.006672,16,0,0,16.013344,0,0,2,2
8.056714,16.1,0,0,16.113428,0,0,2,2
8.106756,16.2,0,0,16.213511,0,0,2,2
8.156797,16.3,0,0,16.313595,0,0,2,2
8.206839,16.4,0,0,16.413678,0,0,2,2
8.256881,16.5,0,0,16.513761,0,0,2,2
8.306922,16.6,0,0,16.613845,0,0,2,2
8.356964,16.7,0,0,16.713928,0,0,2,2
8.407006,16.8,0,0,16.814012,0,0,2,2
8.457048,16.9,0,0,16.914095,0,0,2,2
8.507089,17,0,0,17.014178,0,0,2,2
8.557131,17.1,0,0,17.114262,0,0,2,2
8.607173,17.2,0,0,17.214345,0,0,2,2
8.657214,17.3,0,0,17.314429,0,0,2,2
8.707256,17.4,0,0,17.414512,0,0,2,2
8.757298,17.5,0,0,17.514595,0,0,2,2
8.807339,17.6,0,0,17.614679,0,0,2,2
8.857381,17.7,0,0,17.714762,0,0,2,2
8.907423,17.8,0,0,17.814846,0,0,2,2
8.957465,17.9,0,0,17.914929,0,0,2,2
9.007506,18,0,0,18.015013,0,0,2,2
9.057548,18.1,0,0,18.115096,0,0,2,2
9.10759,18.2,0,0,18.215179,0,0,2,2
9.157631,18.3,0,0,18.315263,0,0,2,2
9.207673,18.4,0,0,18.415346,0,0,2,2
9.257715,18.5,0,0,18.51543,0,0,2,2
9.307756,18.6,0,0,18.615513,0,0,2,2
9.357798,18.7,0,0,18.715596,0,0,2,2
9.40784,18.8,0,0,18.81568,0,0,2,2
9.457882,18.9,0,0,18.915763,0,0,2,2
9.507923,19,0,0,19.015847,0,0,2,2
9.557965,19.1,0,0,19.11593,0,0,2,2
9.608007,19.2,0,0,19.216013,0,0,2,2
9.658048,19.3,0,0,19.316097,0,0,2,2
9.70809,19.4,0,0,19.41618,0,0,2,2
9.758132,19.5,0,0,19.516264,0,0,2,2
9.808173,19.6,0,0,19.616347,0,0,2,2
9.858215,19.7,0,0,19.71643,0,0,2,2
9.908257,19.8,0,0,19.816514,0,0,2,2
9.958299,19.9,0,0,19.916597,0,0,2,2
10.00834,20,0,0,20.016681,0,0,2,2
10.058382,20.1,0,0,20.116764,0,0,2,2
10.108424,20.2,0,0,20.216847,0,0,2,2
10.158465,20.3,0,0,20.316931,0,0,2,2
10.208507,20.4,0,0,20.417014,0,0,2,2
10.258549,20.5,0,0,20.517098,0,0,2,2
10.30859,20.6,0,0,20.617181,0,0,2,2
10.358632,20.7,0,0,20.717264,0,0,2,2
10.408674,20.8,0,0,20.817348,0,0,2,2
10.458716,20.9,0,0,20.917431,0,0,2,2
10.508757,21,0,0,21.017515,0,0,2,2
10.558799,21.1,0,0,21.117598,0,0,2,2
10.608841,21.2,0,0,21.217681,0,0,2,2
10.658882,21.3,0,0,21.317765,0,0,2,2
10.708924,21.4,0,0,21.417848,0,0,2,2
10.758966,21.5,0,0,21.517932,0,0,2,2
10.809008,21.6,0,0,21.618015,0,0,2,2
10.859049,21.7,0,0,21.718098,0,0,2,2
10.909091,21.8,0,0,21.818182,0,0,2,2
10.959133,21.9,0,0,21.918265,0,0,2,2
11.009174,22,0,0,22.018349,0,0,2,2
11.059216,22.1,0,0,22.118432,0,0,2,2
11.109258,22.2,0,0,22.218515,0,0,2,2
11.159299,22.3,0,0,22.318599,0,0,2,2
11.209341,22.4,0,0,22.418682,0,0,2,2
11.259383,22.5,0,0,22.518766,0,0,2,2
11.309425,22.6,0,0,22.618849,0,0,2,2
11.359466,22.7,0,0,22.718932,0,0,2,2
11.409508,22.8,0,0,22.819016,0,0,2,2
11.45955,22.9,0,0,22.919099,0,0,2,2
11.509591,23,0,0,23.019183,0,0,2,2
11.559633,23.1,0,0,23.119266,0,0,2,2
11.609675,23.2,0,0,23.219349,0,0,2,2
11.659716,23.3,0,0,23.319433,0,0,2,2
11.709758,23.4,0,0,23.419516,0,0,2,2
11.7598,23.5,0,0,23.5196,0,0,2,2
11.809842,23.6,0,0,23.619683,0,0,2,2
11.859883,23.7,0,0,23.719766,0,0,2,2
11.909925,23.8,0,0,23.81985,0,0,2,2
11.959967,23.9,0,0,23.919933,0,0,2,2
12.010008,24,0,0,24.020017,0,0,2,2
12.06005,24.1,0,0,24.1201,0,0,2,2
12.110092,24.2,0,0,24.220183,0,0,2,2
12.160133,24.3,0,0,24.320267,0,0,2,2
12.210175,24.4,0,0,24.42035,0,0,2,2
12.260217,24.5,0,0,24.520434,0,0,2,2
12.310259,24.6,0,0,24.620517,0,0,2,2
12.3603,24.7,0,0,24.720601,0,0,2,2
12.410342,24.8,0,0,24.820684,0,0,2,2
12.460384,24.9,0,0,24.920767,0,0,2,2
12.510425,25,0,0,25.020851,0,0,2,2
12.560467,25.1,0,0,25.120934,0,0,2,2
12.610509,25.2,0,0,25.221018,0,0,2,2
12.66055,25.3,0,0,25.321101,0,0,2,2
12.710592,25.4,0,0,25.421184,0,0,2,2
12.760634,25.5,0,0,25.521268,0,0,2,2
12.810676,25.6,0,0,25.621351,0,0,2,2
12.860717,25.7,0,0,25.721435,0,0,2,2
12.910759,25.8,0,0,25.821518,0,0,2,2
12.960801,25.9,0,0,25.921601,0,0,2,2
13.010842,26,0,0,26.021685,0,0,2,2
13.060884,26.1,0,0,26.121768,0,0,2,2
13.110926,26.2,0,0,26.221852,0,0,2,2
13.160967,26.3,0,0,26.321935,0,0,2,2
13.211009,26.4,0,0,26.422018,0,0,2,2
13.261051,26.5,0,0,26.522102,0,0,2,2
13.311093,26.6,0,0,26.622185,0,0,2,2
13.361134,26.7,0,0,26.722269,0,0,2,2
13.411176,26.8,0,0,26.822352,0,0,2,2
13.461218,26.9,0,0,26.922435,0,0,2,2
13.511259,27,0,0,27.022519,0,0,2,2
13.561301,27.1,0,0,27.122602,0,0,2,2
13.611343,27.2,0,0,27.222686,0,0,2,2
13.661384,27.3,0,0,27.322769,0,0,2,2
13.711426,27.4,0,0,27.422852,0,0,2,2
13.761468,27.5,0,0,27.522936,0,0,2,2
13.81151,27.6,0,0,27.623019,0,0,2,2
13.861551,27.7,0,0,27.723103,0,0,2,2
13.911593,27.8,0,0,27.823186,0,0,2,2
13.961635,27.9,0,0,27.923269,0,0,2,2
14.011676,28,0,0,28.023353,0,0,2,2
14.061718,28.1,0,0,28.123436,0,0,2,2
14.11176,28.2,0,0,28.22352,0,0,2,2
14.161802,28.3,0,0,28.323603,0,0,2,2
14.211843,28.4,0,0,28.423686,0,0,2,2
14.261885,28.5,0,0,28.52377,0,0,2,2
14.311927,28.6,0,0,28.623853,0,0,2,2
14.361968,28.7,0,0,28.723937,0,0,2,2
14.41201,28.8,0,0,28.82402,0,0,2,2
14.462052,28.9,0,0,28.924103,0,0,2,2
14.512093,29,0,0,29.024187,0,0,2,2
14.562135,29.1,0,0,29.12427,0,0,2,2
14.612177,29.2,0,0,29.224354,0,0,2,2
14.662219,29.3,0,0,29.324437,0,0,2,2
14.71226,29.4,0,0,29.42452,0,0,2,2
14.762302,29.5,0,0,29.524604,0,0,2,2
14.812344,29.6,0,0,29.624687,0,0,2,2
14.862385,29.7,0,0,29.724771,0,0,2,2
14.912427,29.8,0,0,29.824854,0,0,2,2
14.962469,29.9,0,0,29.924937,0,0,2,2
15.01251,30,0,0,30.025021,0,0,2,2
15.062552,30.1,0,0,30.125104,0,0,2,2
15.112594,30.2,0,0,30.225188,0,0,2,2
15.162636,30.3,0,0,30.325271,0,0,2,2
15.212677,30.4,0,0,30.425354,0,0,2,2
15.262719,30.5,0,0,30.525438,0,0,2,2
15.312761,30.6,0,0,30.625521,0,0,2,2
15.362802,30.7,0,0,30.725605,0,0,2,2
15.412844,30.8,0,0,30.825688,0,0,2,2
15.462886,30.9,0,0,30.925771,0,0,2,2
15.512927,31,0,0,31.025855,0,0,2,2
15.562969,31.1,0,0,31.125938,0,0,2,2
15.613011,31.2,0,0,31.226022,0,0,2,2
15.663053,31.3,0,0,31.326105,0,0,2,2
15.713094,31.4,0,0,31.426188,0,0,2,2
15.763136,31.5,0,0,31.526272,0,0,2,2
15.813178,31.6,0,0,31.626355,0,0,2,2
15.863219,31.7,0,0,31.726439,0,0,2,2
15.913261,31.8,0,0,31.826522,0,0,2,2
15.963303,31.9,0,0,31.926606,0,0,2,2
16.013344,32,0,0,32.026689,0,0,2,2
16.063386,32.1,0,0,32.126772,0,0,2,2
16.113428,32.2,0,0,32.226856,0,0,2,2
16.16347,32.3,0,0,32.326939,0,0,2,2
16.213511,32.4,0,0,32.427023,0,0,2,2
16.263553,32.5,0,0,32.527106,0,0,2,2
16.313595,32.6,0,0,32.627189,0,0,2,2
16.363636,32.7,0,0,32.727273,0,0,2,2
16.413678,32.8,0,0,32.827356,0,0,2,2
16.46372,32.9,0,0,32.92744,0,0,2,2
16.513761,33,0,0,33.027523,0,0,2,2
16.563803,33.1,0,0,33.127606,0,0,2,2
16.613845,33.2,0,0,33.22769,0,0,2,2
16.663887,33.3,0,0,33.327773,0,0,2,2
16.713928,33.4,0,0,33.427857,0,0,2,2
16.76397,33.5,0,0,33.52794,0,0,2,2
16.814012,33.6,0,0,33.628023,0,0,2,2
16.864053,33.7,0,0,33.728107,0,0,2,2
16.914095,33.8,0,0,33.82819,0,0,2,2
16.964137,33.9,0,0,33.928274,0,0,2,2
17.014178,34,0,0,34.028357,0,0,2,2
17.06422,34.1,0,0,34.12844,0,0,2,2
17.114262,34.2,0,0,34.228524,0,0,2,2
17.164304,34.3,0,0,34.328607,0,0,2,2
17.214345,34.4,0,0,34.428691,0,0,2,2
17.264387,34.5,0,0,34.528774,0,0,2,2
17.314429,34.6,0,0,34.628857,0,0,2,2
17.36447,34.7,0,0,34.728941,0,0,2,2
17.414512,34.8,0,0,34.829024,0,0,2,2
17.464554,34.9,0,0,34.929108,0,0,2,2
17.514595,35,0,0,35.029191,0,0,2,2
17.564637,35.1,0,0,35.129274,0,0,2,2
17.614679,35.2,0,0,35.229358,0,0,2,2
17.664721,35.3,0,0,35.329441,0,0,2,2
17.714762,35.4,0,0,35.429525,0,0,2,2
17.764804,35.5,0,0,35.529608,0,0,2,2
17.814846,35.6,0,0,35.629691,0,0,2,2
17.864887,35.7,0,0,35.729775,0,0,2,2
17.914929,35.8,0,0,35.829858,0,0,2,2
17.964971,35.9,0,0,35.929942,0,0,2,2
18.015013,36,0,0,36.030025,0,0,2,2
18.065054,36.1,0,0,36.130108,0,0,2,2
18.115096,36.2,0,0,36.230192,0,0,2,2
18.165138,36.3,0,0,36.330275,0,0,2,2
18.215179,36.4,0,0,36.430359,0,0,2,2
18.265221,36.5,0,0,36.530442,0,0,2,2
18.315263,36.6,0,0,36.630525,0,0,2,2
18.365304,36.7,0,0,36.730609,0,0,2,2
18.415346,36.8,0,0,36.830692,0,0,2,2
18.465388,36.9,0,0,36.930776,0,0,2,2
18.51543,37,0,0,37.030859,0,0,2,2
18.565471,37.1,0,0,37.130942,0,0,2,2
18.615513,37.2,0,0,37.231026,0,0,2,2
18.665555,37.3,0,0,37.331109,0,0,2,2
18.715596,37.4,0,0,37.431193,0,0,2,2
18.765638,37.5,0,0,37.531276,0,0,2,2
18.81568,37.6,0,0,37.631359,0,0,2,2
18.865721,37.7,0,0,37.731443,0,0,2,2
18.915763,37.8,0,0,37.831526,0,0,2,2
18.965805,37.9,0,0,37.93161,0,0,2,2
19.015847,38,0,0,38.031693,0,0,2,2
19.065888,38.1,0,0,38.131776,0,0,2,2
19.11593,38.2,0,0,38.23186,0,0,2,2
19.165972,38.3,0,0,38.331943,0,0,2,2
19.216013,38.4,0,0,38.432027,0,0,2,2
19.266055,38.5,0,0,38.53211,0,0,2,2
19.316097,38.6,0,0,38.632193,0,0,2,2
19.366138,38.7,0,0,38.732277,0,0,2,2
19.41618,38.8,0,0,38.83236,0,0,2,2
19.466222,38.9,0,0,38.932444,0,0,2,2
19.516264,39,0,0,39.032527,0,0,2,2
19.566305,39.1,0,0,39.132611,0,0,2,2
19.616347,39.2,0,0,39.232694,0,0,2,2
19.666389,39.3,0,0,39.332777,0,0,2,2
19.71643,39.4,0,0,39.432861,0,0,2,2
19.766472,39.5,0,0,39.532944,0,0,2,2
19.816514,39.6,0,0,39.633028,0,0,2,2
19.866555,39.7,0,0,39.733111,0,0,2,2
19.916597,39.8,0,0,39.833194,0,0,2,2
19.966639,39.9,0,0,39.933278,0,0,2,2
20.016681,40.057081,0,0.003055,40,0,0,3.157818,3.125434
20.066722,40.214161,0.00048,0.009046,40.157209,0.000618,0.007861,3.173363,3.109855
20.116764,40.371235,0.001901,0.01618,40.314408,0.002471,0.015721,3.179407,3.103792
20.166806,40.528294,0.004442,0.023757,40.471588,0.005561,0.023582,3.181757,3.101434
20.216847,40.685329,0.008174,0.031508,40.628739,0.009885,0.031442,3.182671,3.100516
20.266889,40.842331,0.013122,0.039326,40.785851,0.015445,0.039303,3.183027,3.100159
20.316931,40.999289,0.019298,0.04717,40.942914,0.02224,0.047163,3.183165,3.10002
20.366972,41.156194,0.026705,0.055024,41.099919,0.030268,0.055024,3.183219,3.099966
20.417014,41.313036,0.035343,0.062882,41.256856,0.039531,0.062884,3.18324,3.099945
20.467056,41.469805,0.045214,0.070741,41.413716,0.050027,0.070745,3.183248,3.099937
20.517098,41.626492,0.056317,0.078601,41.570488,0.061756,0.078605,3.183251,3.099934
20.567139,41.783086,0.068651,0.086462,41.727163,0.074717,0.086466,3.183253,3.099933
20.617181,41.939579,0.082215,0.094322,41.883731,0.088909,0.094326,3.183253,3.099932
20.667223,42.095961,0.097009,0.102183,42.040183,0.104331,0.102187,3.183253,3.099932
20.717264,42.252221,0.113032,0.110043,42.196509,0.120982,0.110047,3.183253,3.099932
20.767306,42.40835,0.130283,0.117904,42.352699,0.138862,0.117908,3.183253,3.099932
20.817348,42.56434,0.148761,0.125764,42.508744,0.157969,0.125769,3.183253,3.099932
20.867389,42.720179,0.168463,0.133625,42.664634,0.178302,0.133629,3.183253,3.099932
20.917431,42.875858,0.189391,0.141485,42.820359,0.199859,0.14149,3.183253,3.099932
20.967473,43.031368,0.211541,0.149346,42.97591,0.22264,0.14935,3.183253,3.099932
21.017515,43.186699,0.234913,0.157206,43.131277,0.246643,0.157211,3.183253,3.099932
21.067556,43.341842,0.259506,0.165067,43.286451,0.271867,0.165071,3.183253,3.099932
21.117598,43.496786,0.285317,0.172928,43.441421,0.298309,0.172932,3.183253,3.099932
21.16764,43.651523,0.312345,0.180788,43.596179,0.325969,0.180792,3.183253,3.099932
21.217681,43.806043,0.340589,0.188649,43.750715,0.354844,0.188653,3.183253,3.099932
21.267723,43.960335,0.370046,0.196509,43.905019,0.384934,0.196513,3.183253,3.099932
21.317765,44.114392,0.400715,0.20437,44.059081,0.416235,0.204374,3.183253,3.099932
21.367807,44.268203,0.432595,0.21223,44.212893,0.448746,0.212234,3.183253,3.099932
21.417848,44.421758,0.465682,0.220091,44.366445,0.482465,0.220095,3.183253,3.099932
21.46789,44.575048,0.499975,0.227951,44.519726,0.51739,0.227955,3.183253,3.099932
21.517932,44.728065,0.535473,0.235812,44.672729,0.553519,0.235816,3.183253,3.099932
21.567973,44.880797,0.572171,0.243672,44.825443,0.59085,0.243676,3.183253,3.099932
21.618015,45.033236,0.61007,0.251533,44.977858,0.62938,0.251537,3.183253,3.099932
21.668057,45.185373,0.649165,0.259393,45.129966,0.669106,0.259398,3.183253,3.099932
21.718098,45.337198,0.689455,0.267254,45.281757,0.710027,0.267258,3.183253,3.099932
21.76814,45.488701,0.730937,0.275114,45.433222,0.75214,0.275119,3.183253,3.099932
21.818182,45.639873,0.773609,0.282975,45.584351,0.795443,0.282979,3.183253,3.099932
21.868224,45.790706,0.817468,0.290836,45.735135,0.839931,0.29084,3.183253,3.099932
21.918265,45.941189,0.862511,0.298696,45.885565,0.885604,0.2987,3.183253,3.099932
21.968307,46.091313,0.908735,0.306557,46.035631,0.932458,0.306561,3.183253,3.099932
22.018349,46.241069,0.956138,0.314417,46.185324,0.98049,0.314421,3.183253,3.099932
22.06839,46.390449,1.004717,0.322278,46.334634,1.029697,0.322282,3.183253,3.099932
22.118432,46.539441,1.054469,0.330138,46.483554,1.080076,0.330142,3.183253,3.099932
22.168474,46.688038,1.10539,0.337999,46.632073,1.131624,0.338003,3.183253,3.099932
22.218515,46.83623,1.157477,0.345859,46.780182,1.184338,0.345863,3.183253,3.099932
22.268557,46.984008,1.210728,0.35372,46.927872,1.238215,0.353724,3.183253,3.099932
22.318599,47.131363,1.265139,0.36158,47.075134,1.29325,0.361584,3.183253,3.099932
22.368641,47.278286,1.320706,0.369441,47.221959,1.349442,0.369445,3.183253,3.099932
22.418682,47.424767,1.377427,0.377301,47.368338,1.406786,0.377306,3.183253,3.099932
22.468724,47.570798,1.435297,0.385162,47.514261,1.465279,0.385166,3.183253,3.099932
22.518766,47.71637,1.494313,0.393022,47.65972,1.524917,0.393027,3.183253,3.099932
22.568807,47.861473,1.554472,0.400883,47.804706,1.585697,0.400887,3.183253,3.099932
22.618849,48.006099,1.615769,0.408743,47.94921,1.647614,0.408748,3.183253,3.099932
22.668891,48.150238,1.678202,0.416604,48.093222,1.710665,0.416608,3.183253,3.099932
22.718932,48.293883,1.741765,0.424465,48.236734,1.774847,0.424469,3.183253,3.099932
22.768974,48.437023,1.806456,0.432325,48.379738,1.840154,0.432329,3.183253,3.099932
22.819016,48.57965,1.872269,0.440186,48.522224,1.906584,0.44019,3.183253,3.099932
22.869058,48.721756,1.939202,0.448046,48.664183,1.974131,0.44805,3.183253,3.099932
22.919099,48.863331,2.00725,0.455907,48.805606,2.042793,0.455911,3.183253,3.099932
22.969141,49.004367,2.076408,0.463767,48.946486,2.112563,0.463771,3.183253,3.099932
23.019183,49.144855,2.146673,0.471628,49.086813,2.183439,0.471632,3.183253,3.099932
23.069224,49.284786,2.21804,0.479488,49.226579,2.255416,0.479492,3.183253,3.099932
23.119266,49.424152,2.290505,0.487349,49.365774,2.32849,0.487353,3.183253,3.099932
23.169308,49.562944,2.364063,0.495209,49.504391,2.402655,0.495214,3.183253,3.099932
23.219349,49.701154,2.43871,0.50307,49.64242,2.477907,0.503074,3.183253,3.099932
23.269391,49.838772,2.514441,0.51093,49.779854,2.554242,0.510935,3.183253,3.099932
23.319433,49.975791,2.591251,0.518791,49.916683,2.631655,0.518795,3.183253,3.099932
23.369475,50.112202,2.669136,0.526651,50.0529,2.710142,0.526656,3.183253,3.099932
23.419516,50.247997,2.748091,0.534512,50.188495,2.789696,0.534516,3.183253,3.099932
23.469558,50.383166,2.82811,0.542373,50.323461,2.870314,0.542377,3.183253,3.099932
23.5196,50.517703,2.90919,0.550233,50.457789,2.95199,0.550237,3.183253,3.099932
23.569641,50.651598,2.991325,0.558094,50.591471,3.03472,0.558098,3.183253,3.099932
23.619683,50.784843,3.074509,0.565954,50.724499,3.118498,0.565958,3.183253,3.099932
23.669725,50.917431,3.158739,0.573815,50.856864,3.203319,0.573819,3.183253,3.099932
23.719766,51.049352,3.244008,0.581675,50.988558,3.289177,0.581679,3.183253,3.099932
23.769808,51.180599,3.330311,0.589536,51.119573,3.376069,0.58954,3.183253,3.099932
23.81985,51.311163,3.417644,0.597396,51.249901,3.463987,0.5974,3.183253,3.099932
23.869892,51.441037,3.506,0.605257,51.379534,3.552927,0.605261,3.183253,3.099932
23.919933,51.570213,3.595374,0.613117,51.508464,3.642884,0.613122,3.183253,3.099932
23.969975,51.698681,3.685761,0.620978,51.636683,3.733851,0.620982,3.183253,3.099932
24.020017,51.826436,3.777154,0.628838,51.764183,3.825823,0.628843,3.183253,3.099932
24.070058,51.953468,3.869549,0.636699,51.890955,3.918794,0.636703,3.183253,3.099932
24.1201,52.07977,3.96294,0.644559,52.016994,4.012759,0.644564,3.183253,3.099932
24.170142,52.205334,4.057321,0.65242,52.142289,4.107712,0.652424,3.183253,3.099932
24.220183,52.330152,4.152686,0.660281,52.266835,4.203647,0.660285,3.183253,3.099932
24.270225,52.454217,4.249029,0.668141,52.390622,4.300558,0.668145,3.183253,3.099932
24.320267,52.57752,4.346344,0.676002,52.513644,4.398439,0.676006,3.183253,3.099932
24.370309,52.700055,4.444625,0.683862,52.635893,4.497284,0.683866,3.183253,3.099932
24.42035,52.821813,4.543867,0.691723,52.757361,4.597086,0.691727,3.183253,3.099932
24.470392,52.942788,4.644063,0.699583,52.87804,4.697841,0.699587,3.183253,3.099932
24.520434,53.062971,4.745206,0.707444,52.997925,4.799541,0.707448,3.183253,3.099932
24.570475,53.182356,4.847291,0.715304,53.117005,4.90218,0.715308,3.183253,3.099932
24.620517,53.300934,4.950311,0.723165,53.235276,5.005752,0.723169,3.183253,3.099932
24.670559,53.418699,5.05426,0.731025,53.352729,5.11025,0.731029,3.183253,3.099932
24.720601,53.535643,5.159132,0.738886,53.469356,5.215669,0.73889,3.183253,3.099932
24.770642,53.65176,5.264919,0.746746,53.585152,5.322001,0.746751,3.183253,3.099932
24.820684,53.767041,5.371616,0.754607,53.700108,5.42924,0.754611,3.183253,3.099932
24.870726,53.88148,5.479216,0.762467,53.814217,5.537379,0.762472,3.183253,3.099932
24.920767,53.995069,5.587712,0.770328,53.927473,5.646412,0.770332,3.183253,3.099932
24.970809,54.107803,5.697098,0.778189,54.039868,5.756331,0.778193,3.183253,3.099932
25.020851,54.219673,5.807367,0.786049,54.151396,5.867131,0.786053,3.183253,3.099932
25.070892,54.330672,5.918511,0.79391,54.26205,5.978804,0.793914,3.183253,3.099932
25.120934,54.440795,6.030524,0.80177,54.371822,6.091343,0.801774,3.183253,3.099932
25.170976,54.550034,6.1434,0.809631,54.480706,6.204742,0.809635,3.183253,3.099932
25.221018,54.658382,6.257131,0.817491,54.588696,6.318993,0.817495,3.183253,3.099932
25.271059,54.765833,6.37171,0.825352,54.695784,6.43409,0.825356,3.183253,3.099932
25.321101,54.87238,6.487129,0.833212,54.801964,6.550024,0.833216,3.183253,3.099932
25.371143,54.978016,6.603383,0.841073,54.90723,6.66679,0.841077,3.183253,3.099932
25.421184,55.082735,6.720464,0.848933,55.011575,6.784379,0.848937,3.183253,3.099932
25.471226,55.186531,6.838364,0.856794,55.114991,6.902785,0.856798,3.183253,3.099932
25.521268,55.289397,6.957077,0.864654,55.217475,7.022001,0.864659,3.183253,3.099932
25.571309,55.391326,7.076594,0.872515,55.319017,7.142018,0.872519,3.183253,3.099932
25.621351,55.492313,7.196909,0.880375,55.419614,7.262829,0.88038,3.183253,3.099932
25.671393,55.592351,7.318014,0.888236,55.519257,7.384428,0.88824,3.183253,3.099932
25.721435,55.691434,7.439901,0.896096,55.617942,7.506806,0.896101,3.183253,3.099932
25.771476,55.789556,7.562564,0.903957,55.715661,7.629956,0.903961,3.183253,3.099932
25.821518,55.886711,7.685994,0.911818,55.81241,7.75387,0.911822,3.183253,3.099932
25.87156,55.982892,7.810184,0.919678,55.908182,7.878541,0.919682,3.183253,3.099932
25.921601,56.078094,7.935126,0.927539,56.00297,8.003961,0.927543,3.183253,3.099932
25.971643,56.172312,8.060813,0.935399,56.09677,8.130123,0.935403,3.183253,3.099932
26.021685,56.265538,8.187236,0.94326,56.189575,8.257017,0.943264,3.183253,3.099932
26.071726,56.357768,8.314388,0.95112,56.28138,8.384637,0.951124,3.183253,3.099932
26.121768,56.448995,8.442262,0.958981,56.372179,8.512975,0.958985,3.183253,3.099932
26.17181,56.539214,8.570848,0.966841,56.461967,8.642023,0.966845,3.183253,3.099932
26.221852,56.62842,8.70014,0.974702,56.550737,8.771772,0.974706,3.183253,3.099932
26.271893,56.716607,8.830129,0.982562,56.638485,8.902215,0.982567,3.183253,3.099932
26.321935,56.803769,8.960807,0.990423,56.725204,9.033344,0.990427,3.183253,3.099932
26.371977,56.889902,9.092166,0.998283,56.81089,9.165151,0.998288,3.183253,3.099932
26.422018,56.974999,9.224198,1.006144,56.895538,9.297627,1.006148,3.183253,3.099932
26.47206,57.059056,9.356895,1.014004,56.979141,9.430764,1.014009,3.183253,3.099932
26.522102,57.142067,9.490248,1.021865,57.061696,9.564554,1.021869,3.183253,3.099932
26.572143,57.224027,9.62425,1.029726,57.143196,9.698989,1.02973,3.183253,3.099932
26.622185,57.304932,9.758892,1.037586,57.223637,9.83406,1.03759,3.183253,3.099932
26.672227,57.384776,9.894166,1.045447,57.303014,9.96976,1.045451,3.183253,3.099932
26.722269,57.463553,10.030063,1.053307,57.381321,10.106079,1.053311,3.183253,3.099932
26.77231,57.541261,10.166575,1.061168,57.458555,10.24301,1.061172,3.183253,3.099932
26.822352,57.617892,10.303694,1.069028,57.53471,10.380544,1.069032,3.183253,3.099932
26.872394,57.693444,10.441411,1.076889,57.609782,10.518672,1.076893,3.183253,3.099932
26.922435,57.767911,10.579718,1.084749,57.683765,10.657385,1.084753,3.183253,3.099932
26.972477,57.841288,10.718605,1.09261,57.756656,10.796676,1.092614,3.183253,3.099932
27.022519,57.913571,10.858066,1.10047,57.82845,10.936536,1.100474,3.183253,3.099932
27.07256,57.984756,10.99809,1.108331,57.899142,11.076956,1.108335,3.183253,3.099932
27.122602,58.054838,11.138669,1.116191,57.968728,11.217927,1.116196,3.183253,3.099932
27.172644,58.123813,11.279795,1.124052,58.037204,11.35944,1.124056,3.183253,3.099932
27.222686,58.191677,11.421458,1.131912,58.104565,11.501488,1.131917,3.183253,3.099932
27.272727,58.258424,11.563651,1.139773,58.170808,11.64406,1.139777,3.183253,3.099932
27.322769,58.324052,11.706364,1.147634,58.235928,11.787149,1.147638,3.183253,3.099932
27.372811,58.388556,11.849588,1.155494,58.299922,11.930746,1.155498,3.183253,3.099932
27.422852,58.451933,11.993315,1.163355,58.362784,12.074841,1.163359,3.183253,3.099932
27.472894,58.514177,12.137536,1.171215,58.424512,12.219425,1.171219,3.183253,3.099932
27.522936,58.575287,12.282241,1.179076,58.485102,12.364491,1.17908,3.183253,3.099932
27.572977,58.635256,12.427423,1.186936,58.544549,12.510028,1.18694,3.183253,3.099932
27.623019,58.694083,12.573071,1.194797,58.602851,12.656028,1.194801,3.183253,3.099932
27.673061,58.751763,12.719177,1.202657,58.660003,12.802481,1.202661,3.183253,3.099932
27.723103,58.808293,12.865732,1.210518,58.716003,12.94938,1.210522,3.183253,3.099932
27.773144,58.863669,13.012727,1.218378,58.770845,13.096714,1.218382,3.183253,3.099932
27.823186,58.917888,13.160153,1.226239,58.824528,13.244474,1.226243,3.183253,3.099932
27.873228,58.970946,13.308,1.234099,58.877048,13.392652,1.234104,3.183253,3.099932
27.923269,59.022841,13.45626,1.24196,58.928402,13.541239,1.241964,3.183253,3.099932
27.973311,59.073568,13.604923,1.24982,58.978586,13.690224,1.249825,3.183253,3.099932
28.023353,59.123126,13.75398,1.257681,59.027597,13.839599,1.257685,3.183253,3.099932
28.073394,59.17151,13.903422,1.265541,59.075433,13.989355,1.265546,3.183253,3.099932
28.123436,59.218718,14.05324,1.273402,59.12209,14.139482,1.273406,3.183253,3.099932
28.173478,59.264747,14.203425,1.281263,59.167566,14.289971,1.281267,3.183253,3.099932
28.22352,59.309594,14.353966,1.289123,59.211857,14.440813,1.289127,3.183253,3.099932
28.273561,59.353257,14.504856,1.296984,59.254961,14.591999,1.296988,3.183253,3.099932
28.323603,59.395732,14.656084,1.304844,59.296876,14.743519,1.304848,3.183253,3.099932
28.373645,59.437017,14.807641,1.312705,59.337598,14.895363,1.312709,3.183253,3.099932
28.423686,59.477109,14.959518,1.320565,59.377125,15.047523,1.320569,3.183253,3.099932
28.473728,59.516006,15.111705,1.328426,59.415455,15.199989,1.32843,3.183253,3.099932
28.52377,59.553706,15.264194,1.336286,59.452586,15.352752,1.33629,3.183253,3.099932
28.573812,59.590206,15.416974,1.344147,59.488514,15.505801,1.344151,3.183253,3.099932
28.623853,59.625504,15.570036,1.352007,59.523238,15.659129,1.352012,3.183253,3.099932
28.673895,59.659598,15.723371,1.359868,59.556756,15.812724,1.359872,3.183253,3.099932
28.723937,59.692485,15.876969,1.367728,59.589066,15.966579,1.367733,3.183253,3.099932
28.773978,59.724164,16.030821,1.375589,59.620165,16.120682,1.375593,3.183253,3.099932
28.82402,59.754633,16.184917,1.383449,59.650053,16.275025,1.383454,3.183253,3.099932
28.874062,59.78389,16.339249,1.39131,59.678725,16.429599,1.391314,3.183253,3.099932
28.924103,59.811932,16.493805,1.399171,59.706182,16.584393,1.399175,3.183253,3.099932
28.974145,59.838759,16.648577,1.407031,59.732422,16.739398,1.407035,3.183253,3.099932
29.024187,59.864368,16.803555,1.414892,59.757442,16.894604,1.414896,3.183253,3.099932
29.074229,59.888759,16.958729,1.422752,59.781241,17.050002,1.422756,3.183253,3.099932
29.12427,59.911929,17.11409,1.430613,59.803819,17.205583,1.430617,3.183253,3.099932
29.174312,59.933877,17.269629,1.438473,59.825172,17.361336,1.438477,3.183253,3.099932
29.224354,59.954601,17.425336,1.446334,59.845301,17.517253,1.446338,3.183253,3.099932
29.274395,59.974101,17.5812,1.454194,59.864203,17.673322,1.454198,3.183253,3.099932
29.324437,59.992376,17.737213,1.462055,59.881878,17.829536,1.462059,3.183253,3.099932
29.374479,60.009423,17.893365,1.469915,59.898325,17.985883,1.469919,3.183253,3.099932
29.42452,60.025243,18.049646,1.477776,59.913542,18.142356,1.47778,3.183253,3.099932
29.474562,60.039833,18.206047,1.485636,59.927529,18.298942,1.485641,3.183253,3.099932
29.524604,60.053194,18.362557,1.493497,59.940284,18.455634,1.493501,3.183253,3.099932
29.574646,60.065324,18.519168,1.501357,59.951808,18.612422,1.501362,3.183253,3.099932
29.624687,60.076223,18.675869,1.509218,59.962098,18.769295,1.509222,3.183253,3.099932
29.674729,60.085889,18.832651,1.517079,59.971155,18.926244,1.517083,3.183253,3.099932
29.724771,60.094323,18.989504,1.524939,59.978979,19.083259,1.524943,3.183253,3.099932
29.774812,60.101524,19.146418,1.5328,59.985567,19.240331,1.532804,3.183253,3.099932
29.824854,60.107491,19.303384,1.54066,59.990921,19.39745,1.540664,3.183253,3.099932
29.874896,60.112224,19.460393,1.548521,59.99504,19.554607,1.548525,3.183253,3.099932
29.924937,60.115723,19.617433,1.556381,59.997923,19.71179,1.556385,3.183253,3.099932
29.974979,60.117987,19.774497,1.564242,59.999571,19.868992,1.564246,3.183253,3.099932
30.025021,60.119017,19.931573,1.572102,59.999983,20.026202,1.572106,3.183253,3.099932
30.075063,60.118811,20.088652,1.579963,59.999159,20.18341,1.579967,3.183253,3.099932
30.125104,60.117372,20.245725,1.587823,59.997099,20.340607,1.587827,3.183253,3.099932
30.175146,60.114697,20.402782,1.595684,59.993804,20.497782,1.595688,3.183253,3.099932
30.225188,60.110788,20.559813,1.603544,59.989274,20.654927,1.603549,3.183253,3.099932
30.275229,60.105645,20.716809,1.611405,59.983508,20.812032,1.611409,3.183253,3.099932
30.325271,60.099268,20.873759,1.619265,59.976508,20.969086,1.61927,3.183253,3.099932
30.375313,60.091658,21.030654,1.627126,59.968273,21.12608,1.62713,3.183253,3.099932
30.425354,60.082814,21.187484,1.634987,59.958805,21.283005,1.634991,3.183253,3.099932
30.475396,60.072738,21.344241,1.642847,59.948103,21.439851,1.642851,3.183253,3.099932
30.525438,60.06143,21.500913,1.650708,59.936169,21.596607,1.650712,3.183253,3.099932
30.57548,60.048891,21.657491,1.658568,59.923003,21.753265,1.658572,3.183253,3.099932
30.625521,60.035122,21.813966,1.666429,59.908606,21.909815,1.666433,3.183253,3.099932
30.675563,60.020123,21.970328,1.674289,59.892979,22.066247,1.674293,3.183253,3.099932
30.725605,60.003895,22.126567,1.68215,59.876123,22.222551,1.682154,3.183253,3.099932
30.775646,59.98644,22.282674,1.69001,59.858039,22.378717,1.690014,3.183253,3.099932
30.825688,59.967758,22.438638,1.697871,59.838727,22.534737,1.697875,3.183253,3.099932
30.87573,59.947851,22.594452,1.705731,59.81819,22.6906,1.705735,3.183253,3.099932
30.925771,59.92672,22.750103,1.713592,59.796429,22.846297,1.713596,3.183253,3.099932
30.975813,59.904365,22.905584,1.721452,59.773444,23.001818,1.721457,3.183253,3.099932
31.025855,59.88079,23.060885,1.729313,59.749238,23.157153,1.729317,3.183253,3.099932
31.075897,59.855994,23.215995,1.737173,59.723811,23.312294,1.737178,3.183253,3.099932
31.125938,59.82998,23.370905,1.745034,59.697165,23.467229,1.745038,3.183253,3.099932
31.17598,59.802749,23.525607,1.752894,59.669303,23.621951,1.752899,3.183253,3.099932
31.226022,59.774303,23.680089,1.760755,59.640225,23.776448,1.760759,3.183253,3.099932
31.276063,59.744644,23.834343,1.768616,59.609934,23.930713,1.76862,3.183253,3.099932
31.326105,59.713773,23.988359,1.776476,59.578431,24.084734,1.77648,3.183253,3.099932
31.376147,59.681692,24.142128,1.784337,59.545718,24.238503,1.784341,3.183253,3.099932
31.426188,59.648403,24.29564,1.792197,59.511798,24.392011,1.792201,3.183253,3.099932
31.47623,59.613909,24.448885,1.800058,59.476672,24.545246,1.800062,3.183253,3.099932
31.526272,59.578212,24.601855,1.807918,59.440342,24.698201,1.807922,3.183253,3.099932
31.576314,59.541313,24.754539,1.815779,59.402812,24.850866,1.815783,3.183253,3.099932
31.626355,59.503215,24.906929,1.823639,59.364082,25.003231,1.823643,3.183253,3.099932
31.676397,59.46392,25.059014,1.8315,59.324156,25.155287,1.831504,3.183253,3.099932
31.726439,59.423431,25.210786,1.83936,59.283036,25.307024,1.839365,3.183253,3.099932
31.77648,59.38175,25.362235,1.847221,59.240725,25.458434,1.847225,3.183253,3.099932
31.826522,59.338881,25.513351,1.855081,59.197225,25.609506,1.855086,3.183253,3.099932
31.876564,59.294824,25.664126,1.862942,59.152539,25.760231,1.862946,3.183253,3.099932
31.926606,59.249584,25.81455,1.870802,59.106669,25.910601,1.870807,3.183253,3.099932
31.976647,59.203163,25.964613,1.878663,59.059619,26.060606,1.878667,3.183253,3.099932
32.026689,59.155564,26.114307,1.886524,59.011391,26.210235,1.886528,3.183253,3.099932
32.076731,59.106789,26.263623,1.894384,58.961988,26.359482,1.894388,3.183253,3.099932
32.126772,59.056843,26.41255,1.902245,58.911414,26.508335,1.902249,3.183253,3.099932
32.176814,59.005727,26.56108,1.910105,58.859671,26.656786,1.910109,3.183253,3.099932
32.226856,58.953445,26.709204,1.917966,58.806763,26.804826,1.91797,3.183253,3.099932
32.276897,58.900001,26.856912,1.925826,58.752693,26.952446,1.92583,3.183253,3.099932
32.326939,58.845397,27.004196,1.933687,58.697464,27.099635,1.933691,3.183253,3.099932
32.376981,58.789637,27.151045,1.941547,58.641081,27.246387,1.941551,3.183253,3.099932
32.427023,58.732725,27.297452,1.949408,58.583545,27.39269,1.949412,3.183253,3.099932
32.477064,58.674664,27.443407,1.957268,58.524861,27.538537,1.957272,3.183253,3.099932
32.527106,58.615457,27.588902,1.965129,58.465032,27.683917,1.965133,3.183253,3.099932
32.577148,58.555108,27.733926,1.972989,58.404063,27.828824,1.972994,3.183253,3.099932
32.627189,58.493621,27.878471,1.98085,58.341956,27.973246,1.980854,3.183253,3.099932
32.677231,58.431,28.022529,1.98871,58.278716,28.117176,1.988715,3.183253,3.099932
32.727273,58.367248,28.16609,1.996571,58.214347,28.260604,1.996575,3.183253,3.099932
32.777314,58.30237,28.309145,2.004432,58.148852,28.403522,2.004436,3.183253,3.099932
32.827356,58.23637,28.451686,2.012292,58.082236,28.54592,2.012296,3.183253,3.099932
32.877398,58.169251,28.593704,2.020153,58.014502,28.687791,2.020157,3.183253,3.099932
32.92744,58.101018,28.73519,2.028013,57.945656,28.829124,2.028017,3.183253,3.099932
32.977481,58.031675,28.876135,2.035874,57.8757,28.969913,2.035878,3.183253,3.099932
33.027523,57.961226,29.016531,2.043734,57.804641,29.110147,2.043738,3.183253,3.099932
33.077565,57.889675,29.156368,2.051595,57.732481,29.249818,2.051599,3.183253,3.099932
33.127606,57.817028,29.295639,2.059455,57.659225,29.388917,2.059459,3.183253,3.099932
33.177648,57.743288,29.434335,2.067316,57.584879,29.527437,2.06732,3.183253,3.099932
33.22769,57.66846,29.572446,2.075176,57.509445,29.665367,2.07518,3.183253,3.099932
33.277731,57.592549,29.709966,2.083037,57.43293,29.802701,2.083041,3.183253,3.099932
33.327773,57.51556,29.846884,2.090897,57.355338,29.939429,2.090902,3.183253,3.099932
33.377815,57.437496,29.983193,2.098758,57.276673,30.075542,2.098762,3.183253,3.099932
33.427857,57.358364,30.118884,2.106618,57.196941,30.211034,2.106623,3.183253,3.099932
33.477898,57.278167,30.253949,2.114479,57.116147,30.345894,2.114483,3.183253,3.099932
33.52794,57.196911,30.388379,2.122339,57.034295,30.480115,2.122344,3.183253,3.099932
33.577982,57.114601,30.522166,2.1302,56.95139,30.613688,2.130204,3.183253,3.099932
33.628023,57.031242,30.655302,2.138061,56.867438,30.746606,2.138065,3.183253,3.099932
33.678065,56.946839,30.787779,2.145921,56.782444,30.87886,2.145925,3.183253,3.099932
33.728107,56.861397,30.919589,2.153782,56.696412,31.010441,2.153786,3.183253,3.099932
33.778148,56.774922,31.050722,2.161642,56.60935,31.141342,2.161646,3.183253,3.099932
33.82819,56.687418,31.181172,2.169503,56.52126,31.271555,2.169507,3.183253,3.099932
33.878232,56.598892,31.31093,2.177363,56.43215,31.401071,2.177367,3.183253,3.099932
33.928274,56.509349,31.439988,2.185224,56.342025,31.529883,2.185228,3.183253,3.099932
33.978315,56.418794,31.568339,2.193084,56.25089,31.657983,2.193088,3.183253,3.099932
34.028357,56.327233,31.695973,2.200945,56.158751,31.785362,2.200949,3.183253,3.099932
34.078399,56.234672,31.822884,2.208805,56.065614,31.912013,2.20881,3.183253,3.099932
34.12844,56.141115,31.949064,2.216666,55.971484,32.037928,2.21667,3.183253,3.099932
34.178482,56.04657,32.074504,2.224526,55.876367,32.163099,2.224531,3.183253,3.099932
34.228524,55.951042,32.199197,2.232387,55.780269,32.287519,2.232391,3.183253,3.099932
34.278565,55.854537,32.323135,2.240247,55.683196,32.411179,2.240252,3.183253,3.099932
34.328607,55.75706,32.446311,2.248108,55.585154,32.534073,2.248112,3.183253,3.099932
34.378649,55.658618,32.568717,2.255969,55.486149,32.656192,2.255973,3.183253,3.099932
34.428691,55.559217,32.690345,2.263829,55.386187,32.777529,2.263833,3.183253,3.099932
34.478732,55.458863,32.811189,2.27169,55.285275,32.898077,2.271694,3.183253,3.099932
34.528774,55.357562,32.931239,2.27955,55.183418,33.017827,2.279554,3.183253,3.099932
34.578816,55.255321,33.05049,2.287411,55.080623,33.136774,2.287415,3.183253,3.099932
34.628857,55.152146,33.168933,2.295271,54.976896,33.254908,2.295275,3.183253,3.099932
34.678899,55.048042,33.286562,2.303132,54.872243,33.372224,2.303136,3.183253,3.099932
34.728941,54.943018,33.403369,2.310992,54.766672,33.488713,2.310996,3.183253,3.099932
34.778982,54.837078,33.519347,2.318853,54.660189,33.604369,2.318857,3.183253,3.099932
34.829024,54.73023,33.634488,2.326713,54.552799,33.719185,2.326717,3.183253,3.099932
34.879066,54.62248,33.748786,2.334574,54.444511,33.833152,2.334578,3.183253,3.099932
34.929108,54.513835,33.862233,2.342434,54.33533,33.946266,2.342439,3.183253,3.099932
34.979149,54.404302,33.974823,2.350295,54.225263,34.058517,2.350299,3.183253,3.099932
35.029191,54.293887,34.086548,2.358155,54.114317,34.169899,2.35816,3.183253,3.099932
35.079233,54.182598,34.197402,2.366016,54.002499,34.280407,2.36602,3.183253,3.099932
35.129274,54.07044,34.307378,2.373877,53.889816,34.390031,2.373881,3.183253,3.099932
35.179316,53.957421,34.416469,2.381737,53.776275,34.498767,2.381741,3.183253,3.099932
35.229358,53.843549,34.524668,2.389598,53.661883,34.606607,2.389602,3.183253,3.099932
35.279399,53.728829,34.631969,2.397458,53.546646,34.713544,2.397462,3.183253,3.099932
35.329441,53.61327,34.738364,2.405319,53.430572,34.819572,2.405323,3.183253,3.099932
35.379483,53.496878,34.843848,2.413179,53.313669,34.924685,2.413183,3.183253,3.099932
35.429525,53.37966,34.948414,2.42104,53.195943,35.028875,2.421044,3.183253,3.099932
35.479566,53.261624,35.052055,2.4289,53.077401,35.132137,2.428904,3.183253,3.099932
35.529608,53.142777,35.154765,2.436761,52.958052,35.234464,2.436765,3.183253,3.099932
35.57965,53.023126,35.256538,2.444621,52.837902,35.335849,2.444625,3.183253,3.099932
35.629691,52.902679,35.357367,2.452482,52.716959,35.436287,2.452486,3.183253,3.099932
35.679733,52.781443,35.457247,2.460342,52.59523,35.535771,2.460347,3.183253,3.099932
35.729775,52.659426,35.55617,2.468203,52.472722,35.634296,2.468207,3.183253,3.099932
35.779817,52.536635,35.654131,2.476063,52.349444,35.731854,2.476068,3.183253,3.099932
35.829858,52.413077,35.751124,2.483924,52.225403,35.82844,2.483928,3.183253,3.099932
35.8799,52.288761,35.847142,2.491784,52.100607,35.924048,2.491789,3.183253,3.099932
35.929942,52.163695,35.942181,2.499645,51.975063,36.018672,2.499649,3.183253,3.099932
35.979983,52.037885,36.036233,2.507506,51.848779,36.112307,2.50751,3.183253,3.099932
36.030025,51.911339,36.129294,2.515366,51.721763,36.204946,2.51537,3.183253,3.099932
36.080067,51.784066,36.221357,2.523227,51.594023,36.296584,2.523231,3.183253,3.099932
36.130108,51.656074,36.312417,2.531087,51.465566,36.387214,2.531091,3.183253,3.099932
36.18015,51.527369,36.402468,2.538948,51.336401,36.476833,2.538952,3.183253,3.099932
36.230192,51.397961,36.491504,2.546808,51.206535,36.565433,2.546812,3.183253,3.099932
36.280234,51.267857,36.57952,2.554669,51.075977,36.65301,2.554673,3.183253,3.099932
36.330275,51.137065,36.666512,2.562529,50.944735,36.739557,2.562533,3.183253,3.099932
36.380317,51.005593,36.752472,2.57039,50.812816,36.825071,2.570394,3.183253,3.099932
36.430359,50.873449,36.837396,2.57825,50.68023,36.909544,2.578255,3.183253,3.099932
36.4804,50.740642,36.921279,2.586111,50.546983,36.992974,2.586115,3.183253,3.099932
36.530442,50.60718,37.004115,2.593971,50.413085,37.075353,2.593976,3.183253,3.099932
36.580484,50.473071,37.0859,2.601832,50.278543,37.156677,2.601836,3.183253,3.099932
36.630525,50.338323,37.166628,2.609692,50.143366,37.236941,2.609697,3.183253,3.099932
36.680567,50.202945,37.246294,2.617553,50.007563,37.316139,2.617557,3.183253,3.099932
36.730609,50.066945,37.324894,2.625414,49.871141,37.394268,2.625418,3.183253,3.099932
36.780651,49.930331,37.402423,2.633274,49.734109,37.471323,2.633278,3.183253,3.099932
36.830692,49.793111,37.478875,2.641135,49.596476,37.547297,2.641139,3.183253,3.099932
36.880734,49.655296,37.554246,2.648995,49.45825,37.622188,2.648999,3.183253,3.099932
36.930776,49.516892,37.628531,2.656856,49.319439,37.69599,2.65686,3.183253,3.099932
36.980817,49.377908,37.701727,2.664716,49.180053,37.768698,2.66472,3.183253,3.099932
37.030859,49.238353,37.773827,2.672577,49.040099,37.840308,2.672581,3.183253,3.099932
37.080901,49.098236,37.844828,2.680437,48.899587,37.910816,2.680441,3.183253,3.099932
37.130942,48.957565,37.914726,2.688298,48.758525,37.980218,2.688302,3.183253,3.099932
37.180984,48.816349,37.983516,2.696158,48.616922,38.048508,2.696163,3.183253,3.099932
37.231026,48.674597,38.051194,2.704019,48.474786,38.115684,2.704023,3.183253,3.099932
37.281068,48.532317,38.117755,2.711879,48.332127,38.18174,2.711884,3.183253,3.099932
37.331109,48.389518,38.183196,2.71974,48.188953,38.246672,2.719744,3.183253,3.099932
37.381151,48.246209,38.247513,2.7276,48.045273,38.310477,2.727605,3.183253,3.099932
37.431193,48.102399,38.310701,2.735461,47.901096,38.373151,2.735465,3.183253,3.099932
37.481234,47.958097,38.372756,2.743322,47.75643,38.43469,2.743326,3.183253,3.099932
37.531276,47.813312,38.433676,2.751182,47.611286,38.495089,2.751186,3.183253,3.099932
37.581318,47.668052,38.493455,2.759043,47.465671,38.554346,2.759047,3.183253,3.099932
37.631359,47.522327,38.552091,2.766903,47.319595,38.612456,2.766907,3.183253,3.099932
37.681401,47.376145,38.60958,2.774764,47.173066,38.669417,2.774768,3.183253,3.099932
37.731443,47.229516,38.665918,2.782624,47.026095,38.725223,2.782628,3.183253,3.099932
37.781485,47.082449,38.721101,2.790485,46.878689,38.779873,2.790489,3.183253,3.099932
37.831526,46.934952,38.775127,2.798345,46.730858,38.833363,2.798349,3.183253,3.099932
37.881568,46.787036,38.827991,2.806206,46.582611,38.885688,2.80621,3.183253,3.099932
37.93161,46.638708,38.879692,2.814066,46.433958,38.936847,2.81407,3.183253,3.099932
37.981651,46.489978,38.930224,2.821927,46.284907,38.986836,2.821931,3.183253,3.099932
38.031693,46.340856,38.979587,2.829787,46.135468,39.035652,2.829792,3.183253,3.099932
38.081735,46.191351,39.027775,2.837648,45.98565,39.083291,2.837652,3.183253,3.099932
38.131776,46.041471,39.074787,2.845508,45.835461,39.129751,2.845513,3.183253,3.099932
38.181818,45.891227,39.120619,2.853369,45.684913,39.17503,2.853373,3.183253,3.099932
38.23186,45.740627,39.165269,2.86123,45.534013,39.219123,2.861234,3.183253,3.099932
38.281902,45.58968,39.208734,2.86909,45.382771,39.26203,2.869094,3.183253,3.099932
38.331943,45.438397,39.25101,2.876951,45.231196,39.303745,2.876955,3.183253,3.099932
38.381985,45.286786,39.292097,2.884811,45.079298,39.344269,2.884815,3.183253,3.099932
38.432027,45.134856,39.33199,2.892672,44.927087,39.383597,2.892676,3.183253,3.099932
38.482068,44.982618,39.370688,2.900532,44.774571,39.421727,2.900536,3.183253,3.099932
38.53211,44.83008,39.408188,2.908393,44.62176,39.458657,2.908397,3.183253,3.099932
38.582152,44.677253,39.444488,2.916253,44.468663,39.494385,2.916257,3.183253,3.099932
38.632193,44.524144,39.479585,2.924114,44.31529,39.528909,2.924118,3.183253,3.099932
38.682235,44.370765,39.513478,2.931974,44.161651,39.562225,2.931978,3.183253,3.099932
38.732277,44.217123,39.546164,2.939835,44.007754,39.594333,2.939839,3.183253,3.099932
38.782319,44.06323,39.577642,2.947695,43.85361,39.625231,2.9477,3.183253,3.099932
38.83236,43.909094,39.607909,2.955556,43.699228,39.654916,2.95556,3.183253,3.099932
38.882402,43.754725,39.636963,2.963416,43.544617,39.683386,2.963421,3.183253,3.099932
38.932444,43.600132,39.664803,2.971277,43.389788,39.71064,2.971281,3.183253,3.099932
38.982485,43.445325,39.691427,2.979137,43.234748,39.736677,2.979142,3.183253,3.099932
39.032527,43.290314,39.716833,2.986998,43.079509,39.761493,2.987002,3.183253,3.099932
39.082569,43.135107,39.74102,2.994859,42.92408,39.785089,2.994863,3.183253,3.099932
39.132611,42.979716,39.763987,3.002719,42.76847,39.807463,3.002723,3.183253,3.099932
39.182652,42.824148,39.785731,3.01058,42.612689,39.828612,3.010584,3.183253,3.099932
39.232694,42.668415,39.806251,3.01844,42.456746,39.848536,3.018444,3.183253,3.099932
39.282736,42.512525,39.825547,3.026301,42.300652,39.867234,3.026305,3.183253,3.099932
39.332777,42.356488,39.843617,3.034161,42.144415,39.884705,3.034165,3.183253,3.099932
39.382819,42.200314,39.86046,3.042022,41.988046,39.900947,3.042026,3.183253,3.099932
39.432861,42.044012,39.876075,3.049882,41.831554,39.915959,3.049886,3.183253,3.099932
39.482902,41.887593,39.89046,3.057743,41.674949,39.92974,3.057747,3.183253,3.099932
39.532944,41.731065,39.903616,3.065603,41.518241,39.94229,3.065608,3.183253,3.099932
39.582986,41.574439,39.915541,3.073464,41.361439,39.953608,3.073468,3.183253,3.099932
39.633028,41.417724,39.926234,3.081324,41.204552,39.963693,3.081329,3.183253,3.099932
39.683069,41.260929,39.935696,3.089185,41.047591,39.972545,3.089189,3.183253,3.099932
39.733111,41.104065,39.943924,3.097045,40.890566,39.980162,3.09705,3.183253,3.099932
39.783153,40.947141,39.950919,3.104906,40.733485,39.986545,3.10491,3.183253,3.099932
39.833194,40.790167,39.956681,3.112767,40.576359,39.991694,3.112771,3.183253,3.099932
39.883236,40.633153,39.961208,3.120627,40.419198,39.995606,3.120631,3.183253,3.099932
39.933278,40.476108,39.964501,3.128488,40.26201,39.998284,3.128492,3.183253,3.099932
39.983319,40.319042,39.966559,3.136348,40.104807,39.999725,3.136352,3.183253,3.099932
40.033361,40.219044,39.967084,3.13897,40,40,3.141593,2.013891,1.986095
40.083403,40.119044,39.967346,3.140282,39.899917,40,3.141593,2.006947,1.993049
40.133445,40.019044,39.967477,3.140937,39.799833,40,3.141593,2.003474,1.996525
40.183486,39.919044,39.967543,3.141265,39.69975,40,3.141593,2.001737,1.998263
40.233528,39.819044,39.967576,3.141429,39.599666,40,3.141593,2.000869,1.999131
40.28357,39.719044,39.967592,3.141511,39.499583,40,3.141593,2.000434,1.999566
40.333611,39.619044,39.9676,3.141552,39.3995,40,3.141593,2.000217,1.999783
40.383653,39.519044,39.967604,3.141572,39.299416,40,3.141593,2.000109,1.999891
40.433695,39.419044,39.967606,3.141582,39.199333,40,3.141593,2.000054,1.999946
40.483736,39.319044,39.967607,3.141588,39.099249,40,3.141593,2.000027,1.999973
40.533778,39.219044,39.967608,3.14159,38.999166,40,3.141593,2.000014,1.999986
40.58382,39.119044,39.967608,3.141591,38.899083,40,3.141593,2.000007,1.999993
40.633862,39.019044,39.967608,3.141592,38.798999,40,3.141593,2.000003,1.999997
40.683903,38.919044,39.967608,3.141592,38.698916,40,3.141593,2.000002,1.999998
40.733945,38.819044,39.967608,3.141592,38.598832,40,3.141593,2.000001,1.999999
40.783987,38.719044,39.967608,3.141593,38.498749,40,3.141593,2,2
40.834028,38.619044,39.967608,3.141593,38.398666,40,3.141593,2,2
40.88407,38.519044,39.967608,3.141593,38.298582,40,3.141593,2,2
40.934112,38.419044,39.967608,3.141593,38.198499,40,3.141593,2,2
40.984153,38.319044,39.967608,3.141593,38.098415,40,3.141593,2,2
41.034195,38.219044,39.967608,3.141593,37.998332,40,3.141593,2,2
41.084237,38.119044,39.967608,3.141593,37.898249,40,3.141593,2,2
41.134279,38.019044,39.967608,3.141593,37.798165,40,3.141593,2,2
41.18432,37.919044,39.967608,3.141593,37.698082,40,3.141593,2,2
41.234362,37.819044,39.967608,3.141593,37.597998,40,3.141593,2,2
41.284404,37.719044,39.967608,3.141593,37.497915,40,3.141593,2,2
41.334445,37.619044,39.967608,3.141593,37.397832,40,3.141593,2,2
41.384487,37.519044,39.967608,3.141593,37.297748,40,3.141593,2,2
41.434529,37.419044,39.967608,3.141593,37.197665,40,3.141593,2,2
41.48457,37.319044,39.967608,3.141593,37.097581,40,3.141593,2,2
41.534612,37.219044,39.967608,3.141593,36.997498,40,3.141593,2,2
41.584654,37.119044,39.967608,3.141593,36.897415,40,3.141593,2,2
41.634696,37.019044,39.967608,3.141593,36.797331,40,3.141593,2,2
41.684737,36.919044,39.967608,3.141593,36.697248,40,3.141593,2,2
41.734779,36.819044,39.967608,3.141593,36.597164,40,3.141593,2,2
41.784821,36.719044,39.967608,3.141593,36.497081,40,3.141593,2,2
41.834862,36.619044,39.967608,3.141593,36.396997,40,3.141593,2,2
41.884904,36.519044,39.967608,3.141593,36.296914,40,3.141593,2,2
41.934946,36.419044,39.967608,3.141593,36.196831,40,3.141593,2,2
41.984987,36.319044,39.967608,3.141593,36.096747,40,3.141593,2,2
42.035029,36.219044,39.967608,3.141593,35.996664,40,3.141593,2,2
42.085071,36.119044,39.967608,3.141593,35.89658,40,3.141593,2,2
42.135113,36.019044,39.967608,3.141593,35.796497,40,3.141593,2,2
42.185154,35.919044,39.967608,3.141593,35.696414,40,3.141593,2,2
42.235196,35.819044,39.967608,3.141593,35.59633,40,3.141593,2,2
42.285238,35.719044,39.967608,3.141593,35.496247,40,3.141593,2,2
42.335279,35.619044,39.967608,3.141593,35.396163,40,3.141593,2,2
42.385321,35.519044,39.967608,3.141593,35.29608,40,3.141593,2,2
42.435363,35.419044,39.967608,3.141593,35.195997,40,3.141593,2,2
42.485405,35.319044,39.967608,3.141593,35.095913,40,3.141593,2,2
42.535446,35.219044,39.967608,3.141593,34.99583,40,3.141593,2,2
42.585488,35.119044,39.967608,3.141593,34.895746,40,3.141593,2,2
42.63553,35.019044,39.967608,3.141593,34.795663,40,3.141593,2,2
42.685571,34.919044,39.967608,3.141593,34.69558,40,3.141593,2,2
42.735613,34.819044,39.967608,3.141593,34.595496,40,3.141593,2,2
42.785655,34.719044,39.967608,3.141593,34.495413,40,3.141593,2,2
42.835696,34.619044,39.967608,3.141593,34.395329,40,3.141593,2,2
42.885738,34.519044,39.967608,3.141593,34.295246,40,3.141593,2,2
42.93578,34.419044,39.967608,3.141593,34.195163,40,3.141593,2,2
42.985822,34.319044,39.967608,3.141593,34.095079,40,3.141593,2,2
43.035863,34.219044,39.967608,3.141593,33.994996,40,3.141593,2,2
43.085905,34.119044,39.967608,3.141593,33.894912,40,3.141593,2,2
43.135947,34.019044,39.967608,3.141593,33.794829,40,3.141593,2,2
43.185988,33.919044,39.967608,3.141593,33.694746,40,3.141593,2,2
43.23603,33.819044,39.967608,3.141593,33.594662,40,3.141593,2,2
43.286072,33.719044,39.967608,3.141593,33.494579,40,3.141593,2,2
43.336113,33.619044,39.967608,3.141593,33.394495,40,3.141593,2,2
43.386155,33.519044,39.967608,3.141593,33.294412,40,3.141593,2,2
43.436197,33.419044,39.967608,3.141593,33.194329,40,3.141593,2,2
43.486239,33.319044,39.967608,3.141593,33.094245,40,3.141593,2,2
43.53628,33.219044,39.967608,3.141593,32.994162,40,3.141593,2,2
43.586322,33.119044,39.967608,3.141593,32.894078,40,3.141593,2,2
43.636364,33.019044,39.967608,3.141593,32.793995,40,3.141593,2,2
43.686405,32.919044,39.967608,3.141593,32.693912,40,3.141593,2,2
43.736447,32.819044,39.967608,3.141593,32.593828,40,3.141593,2,2
43.786489,32.719044,39.967608,3.141593,32.493745,40,3.141593,2,2
43.83653,32.619044,39.967608,3.141593,32.393661,40,3.141593,2,2
43.886572,32.519044,39.967608,3.141593,32.293578,40,3.141593,2,2
43.936614,32.419044,39.967608,3.141593,32.193495,40,3.141593,2,2
43.986656,32.319044,39.967608,3.141593,32.093411,40,3.141593,2,2
44.036697,32.219044,39.967608,3.141593,31.993328,40,3.141593,2,2
44.086739,32.119044,39.967608,3.141593,31.893244,40,3.141593,2,2
44.136781,32.019044,39.967608,3.141593,31.793161,40,3.141593,2,2
44.186822,31.919044,39.967608,3.141593,31.693078,40,3.141593,2,2
44.236864,31.819044,39.967608,3.141593,31.592994,40,3.141593,2,2
44.286906,31.719044,39.967608,3.141593,31.492911,40,3.141593,2,2
44.336947,31.619044,39.967608,3.141593,31.392827,40,3.141593,2,2
44.386989,31.519044,39.967608,3.141593,31.292744,40,3.141593,2,2
44.437031,31.419044,39.967608,3.141593,31.192661,40,3.141593,2,2
44.487073,31.319044,39.967608,3.141593,31.092577,40,3.141593,2,2
44.537114,31.219044,39.967608,3.141593,30.992494,40,3.141593,2,2
44.587156,31.119044,39.967608,3.141593,30.89241,40,3.141593,2,2
44.637198,31.019044,39.967608,3.141593,30.792327,40,3.141593,2,2
44.687239,30.919044,39.967608,3.141593,30.692244,40,3.141593,2,2
44.737281,30.819044,39.967608,3.141593,30.59216,40,3.141593,2,2
44.787323,30.719044,39.967608,3.141593,30.492077,40,3.141593,2,2
44.837364,30.619044,39.967608,3.141593,30.391993,40,3.141593,2,2
44.887406,30.519044,39.967608,3.141593,30.29191,40,3.141593,2,2
44.937448,30.419044,39.967608,3.141593,30.191827,40,3.141593,2,2
44.98749,30.319044,39.967608,3.141593,30.091743,40,3.141593,2,2
45.037531,30.219044,39.967608,3.141593,29.99166,40,3.141593,2,2
45.087573,30.119044,39.967608,3.141593,29.891576,40,3.141593,2,2
45.137615,30.019044,39.967608,3.141593,29.791493,40,3.141593,2,2
45.187656,29.919044,39.967608,3.141593,29.69141,40,3.141593,2,2
45.237698,29.819044,39.967608,3.141593,29.591326,40,3.141593,2,2
45.28774,29.719044,39.967608,3.141593,29.491243,40,3.141593,2,2
45.337781,29.619044,39.967608,3.141593,29.391159,40,3.141593,2,2
45.387823,29.519044,39.967608,3.141593,29.291076,40,3.141593,2,2
45.437865,29.419044,39.967608,3.141593,29.190992,40,3.141593,2,2
45.487907,29.319044,39.967608,3.141593,29.090909,40,3.141593,2,2
45.537948,29.219044,39.967608,3.141593,28.990826,40,3.141593,2,2
45.58799,29.119044,39.967608,3.141593,28.890742,40,3.141593,2,2
45.638032,29.019044,39.967608,3.141593,28.790659,40,3.141593,2,2
45.688073,28.919044,39.967608,3.141593,28.690575,40,3.141593,2,2
45.738115,28.819044,39.967608,3.141593,28.590492,40,3.141593,2,2
45.788157,28.719044,39.967608,3.141593,28.490409,40,3.141593,2,2
45.838198,28.619044,39.967608,3.141593,28.390325,40,3.141593,2,2
45.88824,28.519044,39.967608,3.141593,28.290242,40,3.141593,2,2
45.938282,28.419044,39.967608,3.141593,28.190158,40,3.141593,2,2
45.988324,28.319044,39.967608,3.141593,28.090075,40,3.141593,2,2
46.038365,28.219044,39.967608,3.141593,27.989992,40,3.141593,2,2
46.088407,28.119044,39.967608,3.141593,27.889908,40,3.141593,2,2
46.138449,28.019044,39.967608,3.141593,27.789825,40,3.141593,2,2
46.18849,27.919044,39.967608,3.141593,27.689741,40,3.141593,2,2
46.238532,27.819044,39.967608,3.141593,27.589658,40,3.141593,2,2
46.288574,27.719044,39.967608,3.141593,27.489575,40,3.141593,2,2
46.338616,27.619044,39.967608,3.141593,27.389491,40,3.141593,2,2
46.388657,27.519044,39.967608,3.141593,27.289408,40,3.141593,2,2
46.438699,27.419044,39.967608,3.141593,27.189324,40,3.141593,2,2
46.488741,27.319044,39.967608,3.141593,27.089241,40,3.141593,2,2
46.538782,27.219044,39.967608,3.141593,26.989158,40,3.141593,2,2
46.588824,27.119044,39.967608,3.141593,26.889074,40,3.141593,2,2
46.638866,27.019044,39.967608,3.141593,26.788991,40,3.141593,2,2
46.688907,26.919044,39.967608,3.141593,26.688907,40,3.141593,2,2
46.738949,26.819044,39.967608,3.141593,26.588824,40,3.141593,2,2
46.788991,26.719044,39.967608,3.141593,26.488741,40,3.141593,2,2
46.839033,26.619044,39.967608,3.141593,26.388657,40,3.141593,2,2
46.889074,26.519044,39.967608,3.141593,26.288574,40,3.141593,2,2
46.939116,26.419044,39.967608,3.141593,26.18849,40,3.141593,2,2
46.989158,26.319044,39.967608,3.141593,26.088407,40,3.141593,2,2
47.039199,26.219044,39.967608,3.141593,25.988324,40,3.141593,2,2
47.089241,26.119044,39.967608,3.141593,25.88824,40,3.141593,2,2
47.139283,26.019044,39.967608,3.141593,25.788157,40,3.141593,2,2
47.189324,25.919044,39.967608,3.141593,25.688073,40,3.141593,2,2
47.239366,25.819044,39.967608,3.141593,25.58799,40,3.141593,2,2
47.289408,25.719044,39.967608,3.141593,25.487907,40,3.141593,2,2
47.33945,25.619044,39.967608,3.141593,25.387823,40,3.141593,2,2
47.389491,25.519044,39.967608,3.141593,25.28774,40,3.141593,2,2
47.439533,25.419044,39.967608,3.141593,25.187656,40,3.141593,2,2
47.489575,25.319044,39.967608,3.141593,25.087573,40,3.141593,2,2
47.539616,25.219044,39.967608,3.141593,24.98749,40,3.141593,2,2
47.589658,25.119044,39.967608,3.141593,24.887406,40,3.141593,2,2
47.6397,25.019044,39.967608,3.141593,24.787323,40,3.141593,2,2
47.689741,24.919044,39.967608,3.141593,24.687239,40,3.141593,2,2
47.739783,24.819044,39.967608,3.141593,24.587156,40,3.141593,2,2
47.789825,24.719044,39.967608,3.141593,24.487073,40,3.141593,2,2
47.839867,24.619044,39.967608,3.141593,24.386989,40,3.141593,2,2
47.889908,24.519044,39.967608,3.141593,24.286906,40,3.141593,2,2
47.93995,24.419044,39.967608,3.141593,24.186822,40,3.141593,2,2
47.989992,24.319044,39.967608,3.141593,24.086739,40,3.141593,2,2
48.040033,24.219044,39.967608,3.141593,23.986656,40,3.141593,2,2
48.090075,24.119044,39.967608,3.141593,23.886572,40,3.141593,2,2
48.140117,24.019044,39.967608,3.141593,23.786489,40,3.141593,2,2
48.190158,23.919044,39.967608,3.141593,23.686405,40,3.141593,2,2
48.2402,23.819044,39.967608,3.141593,23.586322,40,3.141593,2,2
48.290242,23.719044,39.967608,3.141593,23.486239,40,3.141593,2,2
48.340284,23.619044,39.967608,3.141593,23.386155,40,3.141593,2,2
48.390325,23.519044,39.967608,3.141593,23.286072,40,3.141593,2,2
48.440367,23.419044,39.967608,3.141593,23.185988,40,3.141593,2,2
48.490409,23.319044,39.967608,3.141593,23.085905,40,3.141593,2,2
48.54045,23.219044,39.967608,3.141593,22.985822,40,3.141593,2,2
48.590492,23.119044,39.967608,3.141593,22.885738,40,3.141593,2,2
48.640534,23.019044,39.967608,3.141593,22.785655,40,3.141593,2,2
48.690575,22.919044,39.967608,3.141593,22.685571,40,3.141593,2,2
48.740617,22.819044,39.967608,3.141593,22.585488,40,3.141593,2,2
48.790659,22.719044,39.967608,3.141593,22.485405,40,3.141593,2,2
48.840701,22.619044,39.967608,3.141593,22.385321,40,3.141593,2,2
48.890742,22.519044,39.967608,3.141593,22.285238,40,3.141593,2,2
48.940784,22.419044,39.967608,3.141593,22.185154,40,3.141593,2,2
48.990826,22.319044,39.967608,3.141593,22.085071,40,3.141593,2,2
49.040867,22.219044,39.967608,3.141593,21.984987,40,3.141593,2,2
49.090909,22.119044,39.967608,3.141593,21.884904,40,3.141593,2,2
49.140951,22.019044,39.967608,3.141593,21.784821,40,3.141593,2,2
49.190992,21.919044,39.967608,3.141593,21.684737,40,3.141593,2,2
49.241034,21.819044,39.967608,3.141593,21.584654,40,3.141593,2,2
49.291076,21.719044,39.967608,3.141593,21.48457,40,3.141593,2,2
49.341118,21.619044,39.967608,3.141593,21.384487,40,3.141593,2,2
49.391159,21.519044,39.967608,3.141593,21.284404,40,3.141593,2,2
49.441201,21.419044,39.967608,3.141593,21.18432,40,3.141593,2,2
49.491243,21.319044,39.967608,3.141593,21.084237,40,3.141593,2,2
49.541284,21.219044,39.967608,3.141593,20.984153,40,3.141593,2,2
49.591326,21.119044,39.967608,3.141593,20.88407,40,3.141593,2,2
49.641368,21.019044,39.967608,3.141593,20.783987,40,3.141593,2,2
49.69141,20.919044,39.967608,3.141593,20.683903,40,3.141593,2,2
49.741451,20.819044,39.967608,3.141593,20.58382,40,3.141593,2,2
49.791493,20.719044,39.967608,3.141593,20.483736,40,3.141593,2,2
49.841535,20.619044,39.967608,3.141593,20.383653,40,3.141593,2,2
49.891576,20.519044,39.967608,3.141593,20.28357,40,3.141593,2,2
49.941618,20.419044,39.967608,3.141593,20.183486,40,3.141593,2,2
49.99166,20.319044,39.967608,3.141593,20.083403,40,3.141593,2,2
50.041701,20.219044,39.967608,3.141593,19.983319,40,3.141593,2,2
50.091743,20.119044,39.967608,3.141593,19.883236,40,3.141593,2,2
50.141785,20.019044,39.967608,3.141593,19.783153,40,3.141593,2,2
50.191827,19.919044,39.967608,3.141593,19.683069,40,3.141593,2,2
50.241868,19.819044,39.967608,3.141593,19.582986,40,3.141593,2,2
50.29191,19.719044,39.967608,3.141593,19.482902,40,3.141593,2,2
50.341952,19.619044,39.967608,3.141593,19.382819,40,3.141593,2,2
50.391993,19.519044,39.967608,3.141593,19.282736,40,3.141593,2,2
50.442035,19.419044,39.967608,3.141593,19.182652,40,3.141593,2,2
50.492077,19.319044,39.967608,3.141593,19.082569,40,3.141593,2,2
50.542118,19.219044,39.967608,3.141593,18.982485,40,3.141593,2,2
50.59216,19.119044,39.967608,3.141593,18.882402,40,3.141593,2,2
50.642202,19.019044,39.967608,3.141593,18.782319,40,3.141593,2,2
50.692244,18.919044,39.967608,3.141593,18.682235,40,3.141593,2,2
50.742285,18.819044,39.967608,3.141593,18.582152,40,3.141593,2,2
50.792327,18.719044,39.967608,3.141593,18.482068,40,3.141593,2,2
50.842369,18.619044,39.967608,3.141593,18.381985,40,3.141593,2,2
50.89241,18.519044,39.967608,3.141593,18.281902,40,3.141593,2,2
50.942452,18.419044,39.967608,3.141593,18.181818,40,3.141593,2,2
50.992494,18.319044,39.967608,3.141593,18.081735,40,3.141593,2,2
51.042535,18.219044,39.967608,3.141593,17.981651,40,3.141593,2,2
51.092577,18.119044,39.967608,3.141593,17.881568,40,3.141593,2,2
51.142619,18.019044,39.967608,3.141593,17.781485,40,3.141593,2,2
51.192661,17.919044,39.967608,3.141593,17.681401,40,3.141593,2,2
51.242702,17.819044,39.967608,3.141593,17.581318,40,3.141593,2,2
51.292744,17.719044,39.967608,3.141593,17.481234,40,3.141593,2,2
51.342786,17.619044,39.967608,3.141593,17.381151,40,3.141593,2,2
51.392827,17.519044,39.967608,3.141593,17.281068,40,3.141593,2,2
51.442869,17.419044,39.967608,3.141593,17.180984,40,3.141593,2,2
51.492911,17.319044,39.967608,3.141593,17.080901,40,3.141593,2,2
51.542952,17.219044,39.967608,3.141593,16.980817,40,3.141593,2,2
51.592994,17.119044,39.967608,3.141593,16.880734,40,3.141593,2,2
51.643036,17.019044,39.967608,3.141593,16.780651,40,3.141593,2,2
51.693078,16.919044,39.967608,3.141593,16.680567,40,3.141593,2,2
51.743119,16.819044,39.967608,3.141593,16.580484,40,3.141593,2,2
51.793161,16.719044,39.967608,3.141593,16.4804,40,3.141593,2,2
51.843203,16.619044,39.967608,3.141593,16.380317,40,3.141593,2,2
51.893244,16.519044,39.967608,3.141593,16.280234,40,3.141593,2,2
51.943286,16.419044,39.967608,3.141593,16.18015,40,3.141593,2,2
51.993328,16.319044,39.967608,3.141593,16.080067,40,3.141593,2,2
52.043369,16.219044,39.967608,3.141593,15.979983,40,3.141593,2,2
52.093411,16.119044,39.967608,3.141593,15.8799,40,3.141593,2,2
52.143453,16.019044,39.967608,3.141593,15.779817,40,3.141593,2,2
52.193495,15.919044,39.967608,3.141593,15.679733,40,3.141593,2,2
52.243536,15.819044,39.967608,3.141593,15.57965,40,3.141593,2,2
52.293578,15.719044,39.967608,3.141593,15.479566,40,3.141593,2,2
52.34362,15.619044,39.967608,3.141593,15.379483,40,3.141593,2,2
52.393661,15.519044,39.967608,3.141593,15.279399,40,3.141593,2,2
52.443703,15.419044,39.967608,3.141593,15.179316,40,3.141593,2,2
52.493745,15.319044,39.967608,3.141593,15.079233,40,3.141593,2,2
52.543786,15.219044,39.967608,3.141593,14.979149,40,3.141593,2,2
52.593828,15.119044,39.967608,3.141593,14.879066,40,3.141593,2,2
52.64387,15.019044,39.967608,3.141593,14.778982,40,3.141593,2,2
52.693912,14.919044,39.967608,3.141593,14.678899,40,3.141593,2,2
52.743953,14.819044,39.967608,3.141593,14.578816,40,3.141593,2,2
52.793995,14.719044,39.967608,3.141593,14.478732,40,3.141593,2,2
52.844037,14.619044,39.967608,3.141593,14.378649,40,3.141593,2,2
52.894078,14.519044,39.967608,3.141593,14.278565,40,3.141593,2,2
52.94412,14.419044,39.967608,3.141593,14.178482,40,3.141593,2,2
52.994162,14.319044,39.967608,3.141593,14.078399,40,3.141593,2,2
53.044204,14.219044,39.967608,3.141593,13.978315,40,3.141593,2,2
53.094245,14.119044,39.967608,3.141593,13.878232,40,3.141593,2,2
53.144287,14.019044,39.967608,3.141593,13.778148,40,3.141593,2,2
53.194329,13.919044,39.967608,3.141593,13.678065,40,3.141593,2,2
53.24437,13.819044,39.967608,3.141593,13.577982,40,3.141593,2,2
53.294412,13.719044,39.967608,3.141593,13.477898,40,3.141593,2,2
53.344454,13.619044,39.967608,3.141593,13.377815,40,3.141593,2,2
53.394495,13.519044,39.967608,3.141593,13.277731,40,3.141593,2,2
53.444537,13.419044,39.967608,3.141593,13.177648,40,3.141593,2,2
53.494579,13.319044,39.967608,3.141593,13.077565,40,3.141593,2,2
53.544621,13.219044,39.967608,3.141593,12.977481,40,3.141593,2,2
53.594662,13.119044,39.967608,3.141593,12.877398,40,3.141593,2,2
53.644704,13.019044,39.967608,3.141593,12.777314,40,3.141593,2,2
53.694746,12.919044,39.967608,3.141593,12.677231,40,3.141593,2,2
53.744787,12.819044,39.967608,3.141593,12.577148,40,3.141593,2,2
53.794829,12.719044,39.967608,3.141593,12.477064,40,3.141593,2,2
53.844871,12.619044,39.967608,3.141593,12.376981,40,3.141593,2,2
53.894912,12.519044,39.967608,3.141593,12.276897,40,3.141593,2,2
53.944954,12.419044,39.967608,3.141593,12.176814,40,3.141593,2,2
53.994996,12.319044,39.967608,3.141593,12.076731,40,3.141593,2,2
54.045038,12.219044,39.967608,3.141593,11.976647,40,3.141593,2,2
54.095079,12.119044,39.967608,3.141593,11.876564,40,3.141593,2,2
54.145121,12.019044,39.967608,3.141593,11.77648,40,3.141593,2,2
54.195163,11.919044,39.967608,3.141593,11.676397,40,3.141593,2,2
54.245204,11.819044,39.967608,3.141593,11.576314,40,3.141593,2,2
54.295246,11.719044,39.967608,3.141593,11.47623,40,3.141593,2,2
54.345288,11.619044,39.967608,3.141593,11.376147,40,3.141593,2,2
54.395329,11.519044,39.967608,3.141593,11.276063,40,3.141593,2,2
54.445371,11.419044,39.967608,3.141593,11.17598,40,3.141593,2,2
54.495413,11.319044,39.967608,3.141593,11.075897,40,3.141593,2,2
54.545455,11.219044,39.967608,3.141593,10.975813,40,3.141593,2,2
54.595496,11.119044,39.967608,3.141593,10.87573,40,3.141593,2,2
54.645538,11.019044,39.967608,3.141593,10.775646,40,3.141593,2,2
54.69558,10.919044,39.967608,3.141593,10.675563,40,3.141593,2,2
54.745621,10.819044,39.967608,3.141593,10.57548,40,3.141593,2,2
54.795663,10.719044,39.967608,3.141593,10.475396,40,3.141593,2,2
54.845705,10.619044,39.967608,3.141593,10.375313,40,3.141593,2,2
54.895746,10.519044,39.967608,3.141593,10.275229,40,3.141593,2,2
54.945788,10.419044,39.967608,3.141593,10.175146,40,3.141593,2,2
54.99583,10.319044,39.967608,3.141593,10.075063,40,3.141593,2,2
55.045872,10.219044,39.967608,3.141593,9.974979,40,3.141593,2,2
55.095913,10.119044,39.967608,3.141593,9.874896,40,3.141593,2,2
55.145955,10.019044,39.967608,3.141593,9.774812,40,3.141593,2,2
55.195997,9.919044,39.967608,3.141593,9.674729,40,3.141593,2,2
55.246038,9.819044,39.967608,3.141593,9.574646,40,3.141593,2,2
55.29608,9.719044,39.967608,3.141593,9.474562,40,3.141593,2,2
55.346122,9.619044,39.967608,3.141593,9.374479,40,3.141593,2,2
55.396163,9.519044,39.967608,3.141593,9.274395,40,3.141593,2,2
55.446205,9.419044,39.967608,3.141593,9.174312,40,3.141593,2,2
55.496247,9.319044,39.967608,3.141593,9.074229,40,3.141593,2,2
55.546289,9.219044,39.967608,3.141593,8.974145,40,3.141593,2,2
55.59633,9.119044,39.967608,3.141593,8.874062,40,3.141593,2,2
55.646372,9.019044,39.967608,3.141593,8.773978,40,3.141593,2,2
55.696414,8.919044,39.967608,3.141593,8.673895,40,3.141593,2,2
55.746455,8.819044,39.967608,3.141593,8.573812,40,3.141593,2,2
55.796497,8.719044,39.967608,3.141593,8.473728,40,3.141593,2,2
55.846539,8.619044,39.967608,3.141593,8.373645,40,3.141593,2,2
55.89658,8.519044,39.967608,3.141593,8.273561,40,3.141593,2,2
55.946622,8.419044,39.967608,3.141593,8.173478,40,3.141593,2,2
55.996664,8.319044,39.967608,3.141593,8.073394,40,3.141593,2,2
56.046706,8.219044,39.967608,3.141593,7.973311,40,3.141593,2,2
56.096747,8.119044,39.967608,3.141593,7.873228,40,3.141593,2,2
56.146789,8.019044,39.967608,3.141593,7.773144,40,3.141593,2,2
56.196831,7.919044,39.967608,3.141593,7.673061,40,3.141593,2,2
56.246872,7.819044,39.967608,3.141593,7.572977,40,3.141593,2,2
56.296914,7.719044,39.967608,3.141593,7.472894,40,3.141593,2,2
56.346956,7.619044,39.967608,3.141593,7.372811,40,3.141593,2,2
56.396997,7.519044,39.967608,3.141593,7.272727,40,3.141593,2,2
56.447039,7.419044,39.967608,3.141593,7.172644,40,3.141593,2,2
56.497081,7.319044,39.967608,3.141593,7.07256,40,3.141593,2,2
56.547123,7.219044,39.967608,3.141593,6.972477,40,3.141593,2,2
56.597164,7.119044,39.967608,3.141593,6.872394,40,3.141593,2,2
56.647206,7.019044,39.967608,3.141593,6.77231,40,3.141593,2,2
56.697248,6.919044,39.967608,3.141593,6.672227,40,3.141593,2,2
56.747289,6.819044,39.967608,3.141593,6.572143,40,3.141593,2,2
56.797331,6.719044,39.967608,3.141593,6.47206,40,3.141593,2,2
56.847373,6.619044,39.967608,3.141593,6.371977,40,3.141593,2,2
56.897415,6.519044,39.967608,3.141593,6.271893,40,3.141593,2,2
56.947456,6.419044,39.967608,3.141593,6.17181,40,3.141593,2,2
56.997498,6.319044,39.967608,3.141593,6.071726,40,3.141593,2,2
57.04754,6.219044,39.967608,3.141593,5.971643,40,3.141593,2,2
57.097581,6.119044,39.967608,3.141593,5.87156,40,3.141593,2,2
57.147623,6.019044,39.967608,3.141593,5.771476,40,3.141593,2,2
57.197665,5.919044,39.967608,3.141593,5.671393,40,3.141593,2,2
57.247706,5.819044,39.967608,3.141593,5.571309,40,3.141593,2,2
57.297748,5.719044,39.967608,3.141593,5.471226,40,3.141593,2,2
57.34779,5.619044,39.967608,3.141593,5.371143,40,3.141593,2,2
57.397832,5.519044,39.967608,3.141593,5.271059,40,3.141593,2,2
57.447873,5.419044,39.967608,3.141593,5.170976,40,3.141593,2,2
57.497915,5.319044,39.967608,3.141593,5.070892,40,3.141593,2,2
57.547957,5.219044,39.967608,3.141593,4.970809,40,3.141593,2,2
57.597998,5.119044,39.967608,3.141593,4.870726,40,3.141593,2,2
57.64804,5.019044,39.967608,3.141593,4.770642,40,3.141593,2,2
57.698082,4.919044,39.967608,3.141593,4.670559,40,3.141593,2,2
57.748123,4.819044,39.967608,3.141593,4.570475,40,3.141593,2,2
57.798165,4.719044,39.967608,3.141593,4.470392,40,3.141593,2,2
57.848207,4.619044,39.967608,3.141593,4.370309,40,3.141593,2,2
57.898249,4.519044,39.967608,3.141593,4.270225,40,3.141593,2,2
57.94829,4.419044,39.967608,3.141593,4.170142,40,3.141593,2,2
57.998332,4.319044,39.967608,3.141593,4.070058,40,3.141593,2,2
58.048374,4.219044,39.967608,3.141593,3.969975,40,3.141593,2,2
58.098415,4.119044,39.967608,3.141593,3.869892,40,3.141593,2,2
58.148457,4.019044,39.967608,3.141593,3.769808,40,3.141593,2,2
58.198499,3.919044,39.967608,3.141593,3.669725,40,3.141593,2,2
58.24854,3.819044,39.967608,3.141593,3.569641,40,3.141593,2,2
58.298582,3.719044,39.967608,3.141593,3.469558,40,3.141593,2,2
58.348624,3.619044,39.967608,3.141593,3.369475,40,3.141593,2,2
58.398666,3.519044,39.967608,3.141593,3.269391,40,3.141593,2,2
58.448707,3.419044,39.967608,3.141593,3.169308,40,3.141593,2,2
58.498749,3.319044,39.967608,3.141593,3.069224,40,3.141593,2,2
58.548791,3.219044,39.967608,3.141593,2.969141,40,3.141593,2,2
58.598832,3.119044,39.967608,3.141593,2.869058,40,3.141593,2,2
58.648874,3.019044,39.967608,3.141593,2.768974,40,3.141593,2,2
58.698916,2.919044,39.967608,3.141593,2.668891,40,3.141593,2,2
58.748957,2.819044,39.967608,3.141593,2.568807,40,3.141593,2,2
58.798999,2.719044,39.967608,3.141593,2.468724,40,3.141593,2,2
58.849041,2.619044,39.967608,3.141593,2.368641,40,3.141593,2,2
58.899083,2.519044,39.967608,3.141593,2.268557,40,3.141593,2,2
58.949124,2.419044,39.967608,3.141593,2.168474,40,3.141593,2,2
58.999166,2.319044,39.967608,3.141593,2.06839,40,3.141593,2,2
59.049208,2.219044,39.967608,3.141593,1.968307,40,3.141593,2,2
59.099249,2.119044,39.967608,3.141593,1.868224,40,3.141593,2,2
59.149291,2.019044,39.967608,3.141593,1.76814,40,3.141593,2,2
59.199333,1.919044,39.967608,3.141593,1.668057,40,3.141593,2,2
59.249374,1.819044,39.967608,3.141593,1.567973,40,3.141593,2,2
59.299416,1.719044,39.967608,3.141593,1.46789,40,3.141593,2,2
59.349458,1.619044,39.967608,3.141593,1.367807,40,3.141593,2,2
59.3995,1.519044,39.967608,3.141593,1.267723,40,3.141593,2,2
59.449541,1.419044,39.967608,3.141593,1.16764,40,3.141593,2,2
59.499583,1.319044,39.967608,3.141593,1.067556,40,3.141593,2,2
59.549625,1.219044,39.967608,3.141593,0.967473,40,3.141593,2,2
59.599666,1.119044,39.967608,3.141593,0.867389,40,3.141593,2,2
59.649708,1.019044,39.967608,3.141593,0.767306,40,3.141593,2,2
59.69975,0.919044,39.967608,3.141593,0.667223,40,3.141593,2,2
59.749791,0.819044,39.967608,3.141593,0.567139,40,3.141593,2,2
59.799833,0.719044,39.967608,3.141593,0.467056,40,3.141593,2,2
59.849875,0.619044,39.967608,3.141593,0.366972,40,3.141593,2,2
59.899917,0.519044,39.967608,3.141593,0.266889,40,3.141593,2,2
59.949958,0.419044,39.967608,3.141593,0.166806,40,3.141593,2,2
60,0.319044,39.967608,3.141593,0.066722,40,3.141593,2,2
